num,date_time,전력사용량(kWh),기온(°C),풍속(m/s),습도(%),강수량(mm),일조(hr),비전기냉방설비운영,태양광보유
1,2020-06-01 00,8179.056,17.6,2.5,92,0.8,0,0,0
1,2020-06-01 01,8135.64,17.7,2.9,91,0.3,0,0,0
1,2020-06-01 02,8107.128,17.5,3.2,91,0,0,0,0
1,2020-06-01 03,8048.808,17.1,3.2,91,0,0,0,0
1,2020-06-01 04,8043.624,17,3.3,92,0,0,0,0
1,2020-06-01 05,8010.576,16.9,3.4,93,0,0,0,0
1,2020-06-01 06,7978.176,16.7,3.4,90,0.1,0,0,0
1,2020-06-01 07,8019,16.9,2.3,86,0,0.1,0,0
1,2020-06-01 08,8020.944,17.8,3.3,80,0,0.3,0,0
1,2020-06-01 09,8083.152,19.3,2.1,73,0,0.7,0,0
1,2020-06-01 10,8116.2,20.5,3.4,62,0,1,0,0
1,2020-06-01 11,8104.536,22.1,3.6,52,0,1,0,0
1,2020-06-01 12,8088.984,23.1,4,49,0,1,0,0
1,2020-06-01 13,8102.592,23.1,5.1,42,0,1,0,0
1,2020-06-01 14,8088.336,23.6,5.1,39,0,1,0,0
1,2020-06-01 15,8076.672,23.8,5.5,40,0,1,0,0
1,2020-06-01 16,8032.608,24.4,3,39,0,1,0,0
1,2020-06-01 17,8013.816,23.6,4.4,41,0,1,0,0
1,2020-06-01 18,8029.368,22.7,4.1,42,0,1,0,0
1,2020-06-01 19,8028.072,21.3,4.2,44,0,1,0,0
1,2020-06-01 20,7994.376,19.8,2.5,51,0,0.4,0,0
1,2020-06-01 21,7974.936,18.6,2.5,55,0,0,0,0
1,2020-06-01 22,7972.992,17.9,2,62,0,0,0,0
1,2020-06-01 23,7945.128,17.2,2,68,0,0,0,0
1,2020-06-02 00,7920.504,16.6,1.6,74,0,0,0,0
1,2020-06-02 01,7890.048,16.2,0.8,77,0,0,0,0
1,2020-06-02 02,7868.016,15.9,1.1,78,0,0,0,0
1,2020-06-02 03,7847.28,15.7,0.4,78,0,0,0,0
1,2020-06-02 04,7799.328,15.5,0.9,79,0,0,0,0
1,2020-06-02 05,7801.92,14.8,1.3,79,0,0,0,0
1,2020-06-02 06,7784.424,15,2.2,79,0,0,0,0
1,2020-06-02 07,7836.912,15.5,1.4,77,0,0,0,0
1,2020-06-02 08,7873.2,16,2.2,75,0,0,0,0
1,2020-06-02 09,7914.024,16.9,2.5,71,0,0,0,0
1,2020-06-02 10,7973.64,17.3,2.5,65,0,0,0,0
1,2020-06-02 11,7989.84,17.5,2.6,70,0,0,0,0
1,2020-06-02 12,7935.408,16.3,2.9,80,1.9,0,0,0
1,2020-06-02 13,7923.744,17.5,2.2,68,0,0,0,0
1,2020-06-02 14,7966.512,20.4,3.1,51,0,0.1,0,0
1,2020-06-02 15,7996.32,20.9,2.2,48,0,0,0,0
1,2020-06-02 16,8053.992,21.7,2.5,46,0,0.1,0,0
1,2020-06-02 17,8061.12,21.2,3.3,55,0,0,0,0
1,2020-06-02 18,8059.176,20.6,2.4,58,0,0,0,0
1,2020-06-02 19,8061.12,20.3,2.9,61,0,0,0,0
1,2020-06-02 20,8066.952,19.9,3.1,65,0,0,0,0
1,2020-06-02 21,8111.664,19.6,2.7,70,0,0,0,0
1,2020-06-02 22,8140.824,19.3,2.2,74,0,0,0,0
1,2020-06-02 23,8120.088,19,1.7,79,0,0,0,0
1,2020-06-03 00,8114.904,18.4,1.7,84,0.1,0,0,0
1,2020-06-03 01,8094.816,18.3,2,86,0,0,0,0
1,2020-06-03 02,8090.28,18.2,1.8,89,0,0,0,0
1,2020-06-03 03,8091.576,18.2,1.3,89,0,0,0,0
1,2020-06-03 04,8057.88,18.1,1.5,87,0,0,0,0
1,2020-06-03 05,8038.44,18.1,1.3,88,0,0,0,0
1,2020-06-03 06,8019.648,17.6,0.4,89,0,0,0,0
1,2020-06-03 07,8094.816,18.3,1.8,88,0,0.3,0,0
1,2020-06-03 08,8151.84,19.7,2,82,0,0.9,0,0
1,2020-06-03 09,8201.088,20.8,0.8,76,0,0.4,0,0
1,2020-06-03 10,8261.352,22,1.4,73,0,0.2,0,0
1,2020-06-03 11,8278.2,23.1,2.2,68,0,0.3,0,0
1,2020-06-03 12,8319.672,24.4,2.6,58,0,0.6,0,0
1,2020-06-03 13,8363.736,26.1,2.2,55,0,1,0,0
1,2020-06-03 14,8458.992,26.8,2.7,50,0,1,0,0
1,2020-06-03 15,8483.616,27.9,2.5,52,0,1,0,0
1,2020-06-03 16,8506.944,28.2,2.8,48,0,1,0,0
1,2020-06-03 17,8530.92,28.1,3.8,49,0,1,0,0
1,2020-06-03 18,8655.984,26.1,4.5,60,0,1,0,0
1,2020-06-03 19,8461.584,23.8,4.8,68,0,0.8,0,0
1,2020-06-03 20,8344.296,21,5.2,80,0,0,0,0
1,2020-06-03 21,8322.912,20.5,3.1,81,0,0,0,0
1,2020-06-03 22,8271.72,20.4,2.4,81,0,0,0,0
1,2020-06-03 23,8255.52,20.1,2.2,81,0,0,0,0
1,2020-06-04 00,8254.872,20.1,1.5,81,0,0,0,0
1,2020-06-04 01,8230.896,20,2.2,83,0,0,0,0
1,2020-06-04 02,8245.8,20.1,1,84,0,0,0,0
1,2020-06-04 03,8257.464,20.4,2.6,86,0,0,0,0
1,2020-06-04 04,8240.616,20.5,2,88,0,0,0,0
1,2020-06-04 05,8308.008,20.3,2,91,0,0,0,0
1,2020-06-04 06,8262,20.1,3,91,0.1,0,0,0
1,2020-06-04 07,8296.992,20.1,2.2,90,0,0,0,0
1,2020-06-04 08,8328.096,20.1,3.5,89,0.1,0,0,0
1,2020-06-04 09,8347.536,20.6,3.1,90,0,0,0,0
1,2020-06-04 10,8363.736,22.4,2.7,76,0,0.5,0,0
1,2020-06-04 11,8386.416,23.9,2.8,68,0,0.6,0,0
1,2020-06-04 12,8435.664,25,3.1,63,0,0.8,0,0
1,2020-06-04 13,8591.184,26,3.1,60,0,1,0,0
1,2020-06-04 14,8638.488,26.4,3.8,60,0,1,0,0
1,2020-06-04 15,8663.112,25.4,4.2,66,0,0.5,0,0
1,2020-06-04 16,8671.536,24.3,3.6,70,0,0,0,0
1,2020-06-04 17,8652.096,23.2,4.1,75,0,0.1,0,0
1,2020-06-04 18,8626.176,22.8,3.1,77,0,0.2,0,0
1,2020-06-04 19,8665.704,21.7,3.3,80,0,0,0,0
1,2020-06-04 20,8646.264,21.4,2.5,83,0,0,0,0
1,2020-06-04 21,8659.872,20.8,1.9,86,0,0,0,0
1,2020-06-04 22,8657.28,20.3,1.6,89,0,0,0,0
1,2020-06-04 23,8604.144,19.9,1.4,91,0,0,0,0
1,2020-06-05 00,8598.96,19.7,2,90,0,0,0,0
1,2020-06-05 01,8573.04,19.5,1.4,90,0,0,0,0
1,2020-06-05 02,8561.376,19.3,1.6,90,0,0,0,0
1,2020-06-05 03,8549.064,19.3,1.6,90,0,0,0,0
1,2020-06-05 04,8529.624,18.9,1.5,90,0,0,0,0
1,2020-06-05 05,8506.296,18.4,1.3,92,0,0,0,0
1,2020-06-05 06,8516.664,18.7,1.3,92,0,0,0,0
1,2020-06-05 07,8563.32,19,1.1,90,0,0,0,0
1,2020-06-05 08,8588.592,19.9,2.2,86,0,0.1,0,0
1,2020-06-05 09,8622.288,21,1.5,77,0,0.2,0,0
1,2020-06-05 10,8645.616,22.3,1.3,71,0,0.6,0,0
1,2020-06-05 11,8617.104,23.9,2.5,67,0,0.8,0,0
1,2020-06-05 12,8625.528,25.1,2.2,60,0,0.8,0,0
1,2020-06-05 13,8630.064,26.3,1.8,57,0,0.9,0,0
1,2020-06-05 14,8678.016,27.2,2.8,50,0,1,0,0
1,2020-06-05 15,8660.52,27.8,3.2,48,0,1,0,0
1,2020-06-05 16,8658.576,28.5,2.6,46,0,1,0,0
1,2020-06-05 17,8671.536,28.6,2.1,46,0,1,0,0
1,2020-06-05 18,8650.152,27.9,2.6,49,0,1,0,0
1,2020-06-05 19,8657.28,25.8,3.3,60,0,0.4,0,0
1,2020-06-05 20,8651.448,24.4,2,64,0,0,0,0
1,2020-06-05 21,8650.8,23.1,1.7,66,0,0,0,0
1,2020-06-05 22,8648.856,22.4,1.4,72,0,0,0,0
1,2020-06-05 23,8620.344,21.7,2.1,72,0,0,0,0
1,2020-06-06 00,8617.752,21.1,0.9,73,0,0,0,0
1,2020-06-06 01,8611.92,20.7,1.1,77,0,0,0,0
1,2020-06-06 02,8602.848,20.3,0.9,80,0,0,0,0
1,2020-06-06 03,8574.336,20.1,1,80,0,0,0,0
1,2020-06-06 04,8577.576,19.7,1.7,81,0,0,0,0
1,2020-06-06 05,8539.344,19.4,1.5,82,0,0,0,0
1,2020-06-06 06,8512.776,19.2,1.2,82,0,0,0,0
1,2020-06-06 07,8549.064,20.1,1.8,79,0,0.2,0,0
1,2020-06-06 08,8554.248,22,2.1,70,0,1,0,0
1,2020-06-06 09,8552.304,24,2.3,65,0,1,0,0
1,2020-06-06 10,8558.784,25.6,2.4,58,0,1,0,0
1,2020-06-06 11,8563.968,26.1,1.6,57,0,0.3,0,0
1,2020-06-06 12,8593.128,28.2,2.4,50,0,1,0,0
1,2020-06-06 13,8592.48,29.3,1.8,47,0,0.9,0,0
1,2020-06-06 14,8611.92,29.4,2,45,0,0.5,0,0
1,2020-06-06 15,8631.36,30.5,2.5,42,0,0.9,0,0
1,2020-06-06 16,8619.048,30.6,1.8,41,0,0.6,0,0
1,2020-06-06 17,8622.288,29.1,3.8,52,0,0.2,0,0
1,2020-06-06 18,8611.92,28.1,3.4,55,0,1,0,0
1,2020-06-06 19,8610.624,27.1,2.2,59,0,0,0,0
1,2020-06-06 20,8598.96,26,1.7,60,0,0,0,0
1,2020-06-06 21,8609.328,25.2,2.6,62,0,0,0,0
1,2020-06-06 22,8614.512,24.8,2,63,0,0,0,0
1,2020-06-06 23,8590.536,23.4,2.8,66,0,0,0,0
1,2020-06-07 00,8600.904,21.4,2.5,73,0,0,0,0
1,2020-06-07 01,8574.336,20.7,2.6,75,0,0,0,0
1,2020-06-07 02,8536.752,20,2.6,77,0,0,0,0
1,2020-06-07 03,8534.808,19.4,1.4,78,0,0,0,0
1,2020-06-07 04,8514.72,19.3,1.4,78,0,0,0,0
1,2020-06-07 05,8482.32,19.4,0.6,76,0,0,0,0
1,2020-06-07 06,8472.6,19.6,1.8,78,0,0,0,0
1,2020-06-07 07,8506.296,19.6,2.1,78,0,0,0,0
1,2020-06-07 08,8533.512,20.1,1.9,78,0,0,0,0
1,2020-06-07 09,8530.272,20.9,2,75,0,0.1,0,0
1,2020-06-07 10,8559.432,22.4,2.4,69,0,0.3,0,0
1,2020-06-07 11,8595.72,24.4,2.9,62,0,0.9,0,0
1,2020-06-07 12,8569.8,24.8,2.3,61,0,1,0,0
1,2020-06-07 13,8595.072,26.1,2.4,56,0,1,0,0
1,2020-06-07 14,8619.048,27.4,1.7,50,0,1,0,0
1,2020-06-07 15,8620.344,28.4,3,45,0,1,0,0
1,2020-06-07 16,8604.144,28.9,3.2,49,0,1,0,0
1,2020-06-07 17,8602.2,28,3.6,52,0,1,0,0
1,2020-06-07 18,8585.352,25.7,4.3,62,0,1,0,0
1,2020-06-07 19,8612.568,24.5,3.3,67,0,0.9,0,0
1,2020-06-07 20,8626.176,23,2.2,72,0,0,0,0
1,2020-06-07 21,8626.176,22.3,2.1,75,0,0,0,0
1,2020-06-07 22,8621.64,21.6,2.2,77,0,0,0,0
1,2020-06-07 23,8619.048,21,1.6,80,0,0,0,0
1,2020-06-08 00,8584.056,20.6,2,81,0,0,0,0
1,2020-06-08 01,8582.112,19.9,2.6,85,0,0,0,0
1,2020-06-08 02,8567.856,19.8,1.1,85,0,0,0,0
1,2020-06-08 03,8561.376,19.8,1.1,86,0,0,0,0
1,2020-06-08 04,8548.416,20,0.9,86,0,0,0,0
1,2020-06-08 05,8509.536,20.1,0.7,86,0,0,0,0
1,2020-06-08 06,8504.352,20.3,1.2,85,0,0,0,0
1,2020-06-08 07,8556.84,21,1.2,84,0,0.2,0,0
1,2020-06-08 08,8579.52,22.5,1.2,77,0,0.9,0,0
1,2020-06-08 09,8639.784,23.6,2,73,0,0.4,0,0
1,2020-06-08 10,8650.152,25.5,1.4,65,0,1,0,0
1,2020-06-08 11,8664.408,26.8,1.5,58,0,1,0,0
1,2020-06-08 12,8650.8,28.9,2.1,49,0,1,0,0
1,2020-06-08 13,8665.056,29.8,2.8,46,0,1,0,0
1,2020-06-08 14,8668.944,30.6,2.9,44,0,1,0,0
1,2020-06-08 15,8679.312,31.2,2.2,41,0,1,0,0
1,2020-06-08 16,8722.728,31.6,2.8,43,0,1,0,0
1,2020-06-08 17,8708.472,30.7,3.8,45,0,1,0,0
1,2020-06-08 18,8655.336,28.5,5.1,53,0,1,0,0
1,2020-06-08 19,8650.152,26.4,3.8,57,0,0.8,0,0
1,2020-06-08 20,8668.944,25.4,3.8,63,0,0,0,0
1,2020-06-08 21,8671.536,24.4,2.6,60,0,0,0,0
1,2020-06-08 22,8675.424,23.8,2,60,0,0,0,0
1,2020-06-08 23,8612.568,23.4,0.6,60,0,0,0,0
1,2020-06-09 00,8605.44,22.9,1.4,62,0,0,0,0
1,2020-06-09 01,8578.872,22.5,0.9,63,0,0,0,0
1,2020-06-09 02,8552.304,22,1.6,65,0,0,0,0
1,2020-06-09 03,8542.584,21.4,1.3,67,0,0,0,0
1,2020-06-09 04,8503.704,20.9,2.2,70,0,0,0,0
1,2020-06-09 05,8488.152,20.5,1.5,71,0,0,0,0
1,2020-06-09 06,8481.024,20.4,1.5,73,0,0,0,0
1,2020-06-09 07,8566.56,21.4,1.8,71,0,1,0,0
1,2020-06-09 08,8573.688,23.9,1.1,64,0,1,0,0
1,2020-06-09 09,8613.216,25.8,1.8,58,0,1,0,0
1,2020-06-09 10,8617.752,27.7,1.2,50,0,1,0,0
1,2020-06-09 11,8616.456,29.5,3.1,40,0,1,0,0
1,2020-06-09 12,8171.928,31.1,1.8,40,0,1,0,0
1,2020-06-09 13,8681.904,31.9,3.4,38,0,1,0,0
1,2020-06-09 14,8651.448,32.6,3.7,36,0,1,0,0
1,2020-06-09 15,8670.888,32.7,3,38,0,1,0,0
1,2020-06-09 16,8657.28,32.5,3.5,41,0,0.9,0,0
1,2020-06-09 17,8655.984,31.9,3.6,38,0,1,0,0
1,2020-06-09 18,8633.304,31.2,3,36,0,1,0,0
1,2020-06-09 19,8625.528,30,3.2,36,0,0.9,0,0
1,2020-06-09 20,8587.944,28.2,3.5,46,0,0.1,0,0
1,2020-06-09 21,8601.552,26.6,2.3,49,0,0,0,0
1,2020-06-09 22,8618.4,25.7,1.4,52,0,0,0,0
1,2020-06-09 23,8609.328,25.2,2.3,53,0,0,0,0
1,2020-06-10 00,8602.848,24.6,1.6,52,0,0,0,0
1,2020-06-10 01,8562.024,24.3,1.2,54,0,0,0,0
1,2020-06-10 02,8561.376,23.9,0.6,55,0,0,0,0
1,2020-06-10 03,8524.44,23.6,1.7,57,0,0,0,0
1,2020-06-10 04,8510.832,23.2,1.7,57,0,0,0,0
1,2020-06-10 05,8493.336,22.8,0.5,59,0,0,0,0
1,2020-06-10 06,8484.264,22.5,1.4,61,0,0,0,0
1,2020-06-10 07,8521.848,23.4,2.5,64,0,0.2,0,0
1,2020-06-10 08,8567.856,24.9,1.6,58,0,0.7,0,0
1,2020-06-10 09,8604.792,26.6,2.1,54,0,0.5,0,0
1,2020-06-10 10,8607.384,29,1.1,48,0,0.9,0,0
1,2020-06-10 11,8646.264,30.3,2.5,44,0,0.8,0,0
1,2020-06-10 12,8651.448,31,3.2,42,0,0.7,0,0
1,2020-06-10 13,8639.136,31.1,2.6,44,0,0.4,0,0
1,2020-06-10 14,8688.384,31.9,2.5,42,0,0.4,0,0
1,2020-06-10 15,8727.264,31.9,2.7,45,0,0.3,0,0
1,2020-06-10 16,8696.808,30.5,3,50,0,0.3,0,0
1,2020-06-10 17,8670.24,28.7,3.4,55,0,0,0,0
1,2020-06-10 18,8622.288,25.1,5.8,74,0,0,0,0
1,2020-06-10 19,8611.272,24.6,2.6,77,0,0,0,0
1,2020-06-10 20,8628.12,23.7,2.8,83,1,0,0,0
1,2020-06-10 21,8618.4,22.8,2,88,2.4,0,0,0
1,2020-06-10 22,8626.824,22.6,0.2,88,2.4,0,0,0
1,2020-06-10 23,8628.12,22.6,0.9,89,0.2,0,0,0
1,2020-06-11 00,8584.704,22.5,0.9,89,0.2,0,0,0
1,2020-06-11 01,8587.296,22.4,2,91,0,0,0,0
1,2020-06-11 02,8558.784,22.1,1.5,90,0,0,0,0
1,2020-06-11 03,8526.384,22.2,1.4,90,0,0,0,0
1,2020-06-11 04,8529.624,22.1,1.1,90,0,0,0,0
1,2020-06-11 05,8516.664,21.8,1.3,89,0,0,0,0
1,2020-06-11 06,8508.24,21.9,1.5,88,0,0,0,0
1,2020-06-11 07,8527.032,22.4,2,87,0,0,0,0
1,2020-06-11 08,8560.728,23.2,1.2,83,0,0,0,0
1,2020-06-11 09,8609.328,24.2,1.1,80,0,0,0,0
1,2020-06-11 10,8620.344,25.9,1,72,0,0.4,0,0
1,2020-06-11 11,8625.528,27.2,2.5,66,0,0.6,0,0
1,2020-06-11 12,8650.152,28.2,3.5,61,0,0.9,0,0
1,2020-06-11 13,8623.584,29.2,2.5,57,0,1,0,0
1,2020-06-11 14,8642.376,30.2,3,52,0,1,0,0
1,2020-06-11 15,8625.528,31.2,2.7,44,0,1,0,0
1,2020-06-11 16,8623.584,31.3,3.6,44,0,1,0,0
1,2020-06-11 17,8647.56,31.4,3.2,44,0,1,0,0
1,2020-06-11 18,8615.16,30.5,3.2,45,0,1,0,0
1,2020-06-11 19,8598.312,29.1,2.3,49,0,0.1,0,0
1,2020-06-11 20,8612.568,27.7,3.7,63,0,0,0,0
1,2020-06-11 21,8582.76,26,4.2,65,0,0,0,0
1,2020-06-11 22,8591.832,25.1,2.8,70,0,0,0,0
1,2020-06-11 23,8566.56,24.6,1.6,72,0,0,0,0
1,2020-06-12 00,8553.6,24.3,1.3,73,0,0,0,0
1,2020-06-12 01,8540.64,23.7,1.6,75,0,0,0,0
1,2020-06-12 02,8503.704,23.3,1,76,0,0,0,0
1,2020-06-12 03,8456.4,22.7,1.3,80,0,0,0,0
1,2020-06-12 04,8453.16,22.1,1.7,82,0,0,0,0
1,2020-06-12 05,8441.496,21.7,1.7,83,0,0,0,0
1,2020-06-12 06,8426.592,21.7,0.6,83,0,0,0,0
1,2020-06-12 07,8477.136,22.2,1.7,82,0,0.1,0,0
1,2020-06-12 08,8501.112,23.5,1.8,79,0,0.1,0,0
1,2020-06-12 09,8558.136,25.1,1.3,71,0,0.3,0,0
1,2020-06-12 10,8582.112,26,1.9,67,0,0,0,0
1,2020-06-12 11,8536.104,26.5,1.7,56,0,0,0,0
1,2020-06-12 12,8541.288,26.8,1.9,62,0,0,0,0
1,2020-06-12 13,8570.448,27.3,2.1,51,0,0,0,0
1,2020-06-12 14,8597.016,27.4,2.4,50,0,0,0,0
1,2020-06-12 15,8570.448,27.1,2.6,58,0,0,0,0
1,2020-06-12 16,8604.144,27.4,2.4,50,0,0,0,0
1,2020-06-12 17,8558.136,27,2.4,52,0,0,0,0
1,2020-06-12 18,8520.552,26.8,1.9,55,0,0,0,0
1,2020-06-12 19,8576.928,26.3,1.9,58,0,0,0,0
1,2020-06-12 20,8558.784,25.6,2.2,63,0,0,0,0
1,2020-06-12 21,8563.32,24.6,2.1,69,0,0,0,0
1,2020-06-12 22,8587.944,24.1,1.8,71,0,0,0,0
1,2020-06-12 23,8554.248,23.5,1.8,72,0,0,0,0
1,2020-06-13 00,8531.568,23,0.9,71,0,0,0,0
1,2020-06-13 01,8537.4,22.5,0.5,72,0,0,0,0
1,2020-06-13 02,8516.664,22.4,0.9,67,0,0,0,0
1,2020-06-13 03,8530.92,21.7,0.9,69,0,0,0,0
1,2020-06-13 04,8532.216,21.4,0.3,72,0,0,0,0
1,2020-06-13 05,8466.768,21,1.2,76,0,0,0,0
1,2020-06-13 06,8456.4,20.7,0.5,77,0,0,0,0
1,2020-06-13 07,8497.224,21.5,1.4,76,0,0.1,0,0
1,2020-06-13 08,8482.968,23.7,2.2,68,0,0.7,0,0
1,2020-06-13 09,8456.4,25.6,1.7,59,0,1,0,0
1,2020-06-13 10,8505.648,27.5,1.2,44,0,1,0,0
1,2020-06-13 11,8508.24,29.1,1.8,34,0,1,0,0
1,2020-06-13 12,8532.864,30.7,1.6,34,0,1,0,0
1,2020-06-13 13,8561.376,31.9,1.8,29,0,1,0,0
1,2020-06-13 14,8558.784,32.7,2,29,0,1,0,0
1,2020-06-13 15,8572.392,33.1,3.7,33,0,1,0,0
1,2020-06-13 16,8600.904,33,2.9,38,0,1,0,0
1,2020-06-13 17,8620.992,32,3,42,0,0.8,0,0
1,2020-06-13 18,8646.264,30.7,2.7,46,0,0.1,0,0
1,2020-06-13 19,8650.152,29.7,3,51,0,0,0,0
1,2020-06-13 20,8587.296,28.1,4.3,50,0,0,0,0
1,2020-06-13 21,8605.44,27.2,3.4,45,0,0,0,0
1,2020-06-13 22,8576.28,26.5,3.5,46,0,0,0,0
1,2020-06-13 23,8565.264,26,0.7,52,0,0,0,0
1,2020-06-14 00,8536.752,25.6,1.5,59,0,0,0,0
1,2020-06-14 01,8521.2,25.1,2.4,68,0,0,0,0
1,2020-06-14 02,8514.72,23.8,0.9,73,0,0,0,0
1,2020-06-14 03,8503.704,22.6,2.4,87,0.3,0,0,0
1,2020-06-14 04,8503.056,22.1,1.5,89,0.8,0,0,0
1,2020-06-14 05,8484.912,22.2,2,89,0,0,0,0
1,2020-06-14 06,8466.768,22.1,1.4,88,0,0,0,0
1,2020-06-14 07,8488.8,22.4,1.6,84,0,0.1,0,0
1,2020-06-14 08,8477.784,22.7,2.2,79,0,0,0,0
1,2020-06-14 09,8468.064,23.2,2.1,76,0,0,0,0
1,2020-06-14 10,8482.968,23.4,2.1,70,0,0,0,0
1,2020-06-14 11,8488.8,24.3,2.6,67,0,0,0,0
1,2020-06-14 12,8494.632,26.4,3.2,52,0,0.8,0,0
1,2020-06-14 13,8481.024,27.9,4.1,43,0,1,0,0
1,2020-06-14 14,8481.024,28.2,4.5,45,0,1,0,0
1,2020-06-14 15,8492.04,28.5,4.5,48,0,1,0,0
1,2020-06-14 16,8484.264,28.6,4.3,48,0,1,0,0
1,2020-06-14 17,8501.112,28.5,4.5,53,0,1,0,0
1,2020-06-14 18,8520.552,26.9,4,59,0,0.9,0,0
1,2020-06-14 19,8525.736,24.9,4.4,66,0,1,0,0
1,2020-06-14 20,8525.088,23,4.1,72,0,0.3,0,0
1,2020-06-14 21,8552.304,22.2,2.9,74,0,0,0,0
1,2020-06-14 22,8508.24,21.4,3,76,0,0,0,0
1,2020-06-14 23,8488.152,20.8,2.2,78,0,0,0,0
1,2020-06-15 00,8481.672,20.1,2.4,81,0,0,0,0
1,2020-06-15 01,8466.768,19.7,0.8,82,0,0,0,0
1,2020-06-15 02,8446.68,19.3,0.7,82,0,0,0,0
1,2020-06-15 03,8436.96,19.1,1.6,84,0,0,0,0
1,2020-06-15 04,8425.296,18.8,1.4,84,0,0,0,0
1,2020-06-15 05,8397.432,18.3,1.6,85,0,0,0,0
1,2020-06-15 06,8427.24,18.2,0.9,85,0,0,0,0
1,2020-06-15 07,8455.752,19.1,0.8,83,0,0.7,0,0
1,2020-06-15 08,8508.24,20.2,0.7,78,0,0.2,0,0
1,2020-06-15 09,8563.32,21.9,1.4,72,0,0.5,0,0
1,2020-06-15 10,8568.504,23.6,3.1,65,0,0.9,0,0
1,2020-06-15 11,8562.672,25.5,2.8,56,0,1,0,0
1,2020-06-15 12,8564.616,26.5,3.1,55,0,1,0,0
1,2020-06-15 13,8558.784,27,4.6,48,0,1,0,0
1,2020-06-15 14,8576.28,27.7,4.6,39,0,1,0,0
1,2020-06-15 15,8568.504,28.6,3.7,35,0,1,0,0
1,2020-06-15 16,8555.544,27.3,4.2,34,0,1,0,0
1,2020-06-15 17,8570.448,26.8,3.9,33,0,0.9,0,0
1,2020-06-15 18,8522.496,26,4,37,0,0.8,0,0
1,2020-06-15 19,8543.88,24.4,4.2,46,0,0.1,0,0
1,2020-06-15 20,8554.248,23.5,3.1,47,0,0,0,0
1,2020-06-15 21,8554.896,22.6,3.5,52,0,0,0,0
1,2020-06-15 22,8567.856,21.4,4.1,69,0,0,0,0
1,2020-06-15 23,8573.04,21,3.2,78,0,0,0,0
1,2020-06-16 00,8523.144,21.1,2.9,78,0,0,0,0
1,2020-06-16 01,8492.04,20.8,2.8,78,0,0,0,0
1,2020-06-16 02,8501.112,20.5,2.5,78,0,0,0,0
1,2020-06-16 03,8466.768,20.1,2.5,79,0,0,0,0
1,2020-06-16 04,8464.176,20.1,1.2,79,0,0,0,0
1,2020-06-16 05,8434.368,20,2.3,78,0,0,0,0
1,2020-06-16 06,8431.128,20.1,0.4,79,0,0,0,0
1,2020-06-16 07,8464.176,20.4,1.3,77,0,0,0,0
1,2020-06-16 08,8499.816,21.1,2,73,0,0,0,0
1,2020-06-16 09,8541.936,22.4,2,69,0,0.3,0,0
1,2020-06-16 10,8550.36,23.4,2,63,0,0.6,0,0
1,2020-06-16 11,8569.152,25.4,2.2,55,0,1,0,0
1,2020-06-16 12,8570.448,27.2,1.9,50,0,0.8,0,0
1,2020-06-16 13,8577.576,28.5,2,47,0,0.8,0,0
1,2020-06-16 14,8592.48,29.5,2.5,43,0,1,0,0
1,2020-06-16 15,8589.888,30.4,2,39,0,1,0,0
1,2020-06-16 16,8609.976,30.4,2.2,39,0,1,0,0
1,2020-06-16 17,8605.44,29.6,3.7,49,0,1,0,0
1,2020-06-16 18,8562.024,28,3,53,0,0,0,0
1,2020-06-16 19,8585.352,26.8,3.2,56,0,0,0,0
1,2020-06-16 20,8573.688,25.9,2.4,57,0,0,0,0
1,2020-06-16 21,8584.056,24.9,1.9,63,0,0,0,0
1,2020-06-16 22,8578.224,23.9,2,67,0,0,0,0
1,2020-06-16 23,8541.288,22.8,1.7,68,0,0,0,0
1,2020-06-17 00,8515.368,22.2,1.9,72,0,0,0,0
1,2020-06-17 01,8501.76,21.6,1.3,72,0,0,0,0
1,2020-06-17 02,8479.728,21.4,0.8,73,0,0,0,0
1,2020-06-17 03,8475.192,20.9,0.4,74,0,0,0,0
1,2020-06-17 04,8471.304,20.7,0.3,76,0,0,0,0
1,2020-06-17 05,8447.976,20.4,0.7,77,0,0,0,0
1,2020-06-17 06,8458.344,20.2,1.2,79,0,0,0,0
1,2020-06-17 07,8501.112,21.6,1,73,0,0.6,0,0
1,2020-06-17 08,8525.736,23.5,1.1,64,0,0.8,0,0
1,2020-06-17 09,8549.064,24.7,1.7,58,0,0.6,0,0
1,2020-06-17 10,8571.744,25.8,2.5,56,0,0.2,0,0
1,2020-06-17 11,8576.928,26.3,1.9,55,0,0,0,0
1,2020-06-17 12,8569.8,27.6,2.3,50,0,0.2,0,0
1,2020-06-17 13,8593.776,29.2,2.8,41,0,1,0,0
1,2020-06-17 14,8619.048,29.9,2.8,40,0,1,0,0
1,2020-06-17 15,8632.008,30.3,2.9,44,0,1,0,0
1,2020-06-17 16,8619.696,29,2,48,0,0.4,0,0
1,2020-06-17 17,8598.96,27.6,4.1,46,0,0.1,0,0
1,2020-06-17 18,8569.8,26.6,3.4,44,0,0,0,0
1,2020-06-17 19,8591.832,25.3,3.8,53,0,0,0,0
1,2020-06-17 20,8567.208,24.1,2.9,57,0,0,0,0
1,2020-06-17 21,8573.04,22.8,3,59,0,0,0,0
1,2020-06-17 22,8567.208,22.1,2.1,63,0,0,0,0
1,2020-06-17 23,8544.528,21.7,2,62,0,0,0,0
1,2020-06-18 00,8551.008,21.5,1.9,61,0,0,0,0
1,2020-06-18 01,8526.384,21.1,2,64,0,0,0,0
1,2020-06-18 02,8488.152,20.8,0.6,65,0,0,0,0
1,2020-06-18 03,8483.616,20.8,0.8,66,0,0,0,0
1,2020-06-18 04,8474.544,20.6,0.9,69,0,0,0,0
1,2020-06-18 05,8448.624,20.5,1.6,70,0,0,0,0
1,2020-06-18 06,8444.088,20.3,1.4,69,0,0,0,0
1,2020-06-18 07,8471.304,20.5,1.8,72,0,0,0,0
1,2020-06-18 08,8494.632,21.1,0.9,69,0,0,0,0
1,2020-06-18 09,8564.616,21.9,0.9,66,0,0,0,0
1,2020-06-18 10,8576.928,22.7,0.7,64,0,0,0,0
1,2020-06-18 11,8581.464,23.9,1.9,57,0,0,0,0
1,2020-06-18 12,8579.52,24.4,2,56,0,0,0,0
1,2020-06-18 13,8594.424,25.5,1.4,53,0,0.1,0,0
1,2020-06-18 14,8600.256,26.6,1.6,49,0,0,0,0
1,2020-06-18 15,8598.96,26.8,1.8,49,0,0,0,0
1,2020-06-18 16,8567.856,27.2,2,47,0,0,0,0
1,2020-06-18 17,8579.52,26.8,2.2,51,0,0,0,0
1,2020-06-18 18,8559.432,26.2,1.4,53,0,0,0,0
1,2020-06-18 19,8572.392,25,2.6,62,0,0,0,0
1,2020-06-18 20,8569.8,24.2,1.4,64,0,0,0,0
1,2020-06-18 21,8575.632,24.1,1.2,64,0,0,0,0
1,2020-06-18 22,8562.024,23.6,2.4,63,0,0,0,0
1,2020-06-18 23,8552.952,23.3,2,66,0,0,0,0
1,2020-06-19 00,8573.688,23,1.7,68,0,0,0,0
1,2020-06-19 01,8545.176,22.5,3.6,69,0,0,0,0
1,2020-06-19 02,8526.384,22,3.2,70,0,0,0,0
1,2020-06-19 03,8519.904,21.8,2.4,70,0,0,0,0
1,2020-06-19 04,8506.296,21.7,2.4,69,0,0,0,0
1,2020-06-19 05,8466.12,21.4,1.6,69,0,0,0,0
1,2020-06-19 06,8468.712,21.3,1.1,70,0,0,0,0
1,2020-06-19 07,8473.896,21.1,0.8,73,0,0,0,0
1,2020-06-19 08,8512.128,21.4,1.6,73,0.1,0,0,0
1,2020-06-19 09,8551.656,22.2,2,69,0,0,0,0
1,2020-06-19 10,8577.576,25,2.7,60,0,0.6,0,0
1,2020-06-19 11,8584.056,26.1,1.9,56,0,0.7,0,0
1,2020-06-19 12,8586.648,27.6,1.5,50,0,1,0,0
1,2020-06-19 13,8571.096,29.1,2,49,0,0.6,0,0
1,2020-06-19 14,8619.696,28.6,2,50,0,0.2,0,0
1,2020-06-19 15,8613.216,29.4,2.5,48,0,0.5,0,0
1,2020-06-19 16,8613.216,29.7,1.6,47,0,0.3,0,0
1,2020-06-19 17,8601.552,29.3,1.7,48,0,0.2,0,0
1,2020-06-19 18,8584.704,29.2,2.6,49,0,0.3,0,0
1,2020-06-19 19,8575.632,27.6,4,57,0,1,0,0
1,2020-06-19 20,8581.464,24.9,2.9,63,0,0.6,0,0
1,2020-06-19 21,8587.296,23.9,2.7,65,0,0,0,0
1,2020-06-19 22,8579.52,23.3,2,67,0,0,0,0
1,2020-06-19 23,8569.8,22.9,2.2,68,0,0,0,0
1,2020-06-20 00,8571.096,22.4,1.5,70,0,0,0,0
1,2020-06-20 01,8569.152,21.9,0.8,71,0,0,0,0
1,2020-06-20 02,8568.504,21.6,0.7,74,0,0,0,0
1,2020-06-20 03,8539.992,21.1,1.1,77,0,0,0,0
1,2020-06-20 04,8530.272,21,1,76,0,0,0,0
1,2020-06-20 05,8515.368,20.8,0.7,78,0,0,0,0
1,2020-06-20 06,8498.52,20.7,0.5,79,0,0,0,0
1,2020-06-20 07,8502.408,21.6,1.2,78,0,0.7,0,0
1,2020-06-20 08,8511.48,23.5,1.7,70,0,1,0,0
1,2020-06-20 09,8515.368,25.4,1.5,63,0,1,0,0
1,2020-06-20 10,8513.424,26.7,1.9,57,0,1,0,0
1,2020-06-20 11,8541.288,28,2.4,52,0,1,0,0
1,2020-06-20 12,8560.728,28.8,2.6,51,0,0.6,0,0
1,2020-06-20 13,8567.208,29.4,2.4,50,0,0.8,0,0
1,2020-06-20 14,8577.576,28.3,3.9,54,0,0.4,0,0
1,2020-06-20 15,8551.656,29.3,4,50,0,0.6,0,0
1,2020-06-20 16,8555.544,29.3,3.3,50,0,1,0,0
1,2020-06-20 17,8550.36,28.5,3.4,51,0,1,0,0
1,2020-06-20 18,8547.768,28.4,3.4,49,0,1,0,0
1,2020-06-20 19,8560.728,26.7,3.8,54,0,1,0,0
1,2020-06-20 20,8565.912,24.9,2.5,56,0,0.6,0,0
1,2020-06-20 21,8569.8,23.9,2.1,60,0,0,0,0
1,2020-06-20 22,8569.152,23,2.4,67,0,0,0,0
1,2020-06-20 23,8568.504,22.3,2.2,68,0,0,0,0
1,2020-06-21 00,8538.048,21.6,1.6,72,0,0,0,0
1,2020-06-21 01,8527.032,21.3,1.5,71,0,0,0,0
1,2020-06-21 02,8514.72,20.8,1,74,0,0,0,0
1,2020-06-21 03,8491.392,20.5,1.2,74,0,0,0,0
1,2020-06-21 04,8495.28,20.2,2.3,78,0,0,0,0
1,2020-06-21 05,8473.896,19.6,2.2,79,0,0,0,0
1,2020-06-21 06,8454.456,19.5,0.9,82,0,0,0,0
1,2020-06-21 07,8480.376,20.1,0.2,81,0,1,0,0
1,2020-06-21 08,8497.872,22.4,1.5,73,0,1,0,0
1,2020-06-21 09,8484.264,24.6,1,64,0,1,0,0
1,2020-06-21 10,8508.888,26.5,1.4,55,0,1,0,0
1,2020-06-21 11,8523.792,28.6,1.4,49,0,1,0,0
1,2020-06-21 12,8548.416,30.3,1.5,45,0,1,0,0
1,2020-06-21 13,8542.584,31.5,2.5,41,0,1,0,0
1,2020-06-21 14,8573.04,31.8,3.3,40,0,1,0,0
1,2020-06-21 15,8567.208,32.3,3.6,40,0,1,0,0
1,2020-06-21 16,8583.408,32,3.7,41,0,1,0,0
1,2020-06-21 17,8577.576,30.9,3.5,44,0,1,0,0
1,2020-06-21 18,8555.544,30.6,2.8,44,0,1,0,0
1,2020-06-21 19,8547.12,29.6,3.6,46,0,1,0,0
1,2020-06-21 20,8567.208,28.1,2.1,53,0,0.5,0,0
1,2020-06-21 21,8585.352,26.4,1.8,61,0,0,0,0
1,2020-06-21 22,8585.352,25.5,1.3,63,0,0,0,0
1,2020-06-21 23,8553.6,24.9,1.1,64,0,0,0,0
1,2020-06-22 00,8553.6,24.4,1.8,66,0,0,0,0
1,2020-06-22 01,8544.528,23.9,0.5,67,0,0,0,0
1,2020-06-22 02,8541.288,23.2,1.7,70,0,0,0,0
1,2020-06-22 03,8522.496,23,1.3,72,0,0,0,0
1,2020-06-22 04,8499.816,22.6,1,73,0,0,0,0
1,2020-06-22 05,8482.32,21.9,1.7,74,0,0,0,0
1,2020-06-22 06,8497.872,21.7,1.6,78,0,0,0,0
1,2020-06-22 07,8546.472,22.9,1,76,0,1,0,0
1,2020-06-22 08,8550.36,25.2,0.7,66,0,1,0,0
1,2020-06-22 09,8613.216,28.2,1.2,55,0,1,0,0
1,2020-06-22 10,8670.888,29.6,2,52,0,1,0,0
1,2020-06-22 11,8668.296,31,1.9,47,0,1,0,0
1,2020-06-22 12,8672.832,32.5,3,42,0,1,0,0
1,2020-06-22 13,8672.184,32.8,3.3,38,0,1,0,0
1,2020-06-22 14,8710.416,33.7,3.1,33,0,1,0,0
1,2020-06-22 15,8726.616,35.2,2.5,30,0,1,0,0
1,2020-06-22 16,8737.632,35.2,3.5,27,0,1,0,0
1,2020-06-22 17,8682.552,35,3.3,31,0,1,0,0
1,2020-06-22 18,8667,33.1,3.8,38,0,1,0,0
1,2020-06-22 19,8650.152,31.7,3.4,42,0,0.9,0,0
1,2020-06-22 20,8634.6,29.7,2.9,45,0,0.4,0,0
1,2020-06-22 21,8658.576,28.5,2.6,36,0,0,0,0
1,2020-06-22 22,8645.616,27.8,1.5,46,0,0,0,0
1,2020-06-22 23,8615.16,27.2,1.7,51,0,0,0,0
1,2020-06-23 00,8585.352,26.6,0.6,53,0,0,0,0
1,2020-06-23 01,8573.04,25.8,1.5,56,0,0,0,0
1,2020-06-23 02,8554.896,25.5,1.2,56,0,0,0,0
1,2020-06-23 03,8509.536,24.9,1.7,61,0,0,0,0
1,2020-06-23 04,8479.728,24.3,2.9,57,0,0,0,0
1,2020-06-23 05,8442.792,23.7,2,60,0,0,0,0
1,2020-06-23 06,8464.824,23.3,1.6,62,0,0,0,0
1,2020-06-23 07,8530.92,23.5,1.4,63,0,0.4,0,0
1,2020-06-23 08,8541.288,25.4,1.4,58,0,1,0,0
1,2020-06-23 09,8565.264,27.5,1.9,50,0,1,0,0
1,2020-06-23 10,8598.96,29.4,2.3,45,0,1,0,0
1,2020-06-23 11,8606.088,30.6,2.6,43,0,1,0,0
1,2020-06-23 12,8607.384,30.7,2.7,44,0,0.6,0,0
1,2020-06-23 13,8626.176,30.8,2.6,44,0,0.1,0,0
1,2020-06-23 14,8649.504,30.8,2.2,44,0,0,0,0
1,2020-06-23 15,8659.872,30.2,2.8,48,0,0,0,0
1,2020-06-23 16,8660.52,30.1,3.2,50,0,0,0,0
1,2020-06-23 17,8642.376,29.4,3,50,0,0,0,0
1,2020-06-23 18,8605.44,28.4,2.8,51,0,0,0,0
1,2020-06-23 19,8590.536,27.3,2,51,0,0,0,0
1,2020-06-23 20,8606.088,27,0.9,51,0,0,0,0
1,2020-06-23 21,8617.752,26.8,0.4,52,0,0,0,0
1,2020-06-23 22,8617.752,26.6,1.8,54,0,0,0,0
1,2020-06-23 23,8599.608,26.3,1.5,57,0,0,0,0
1,2020-06-24 00,8595.072,26.3,0.8,60,0,0,0,0
1,2020-06-24 01,8586.648,26.1,1.4,64,0,0,0,0
1,2020-06-24 02,8566.56,26.1,1.2,66,0,0,0,0
1,2020-06-24 03,8556.192,26.1,1.5,67,0,0,0,0
1,2020-06-24 04,8556.84,26.2,1.5,63,0,0,0,0
1,2020-06-24 05,8517.312,26.2,1.8,62,0,0,0,0
1,2020-06-24 06,8511.48,25.7,2.5,60,0,0,0,0
1,2020-06-24 07,8523.144,25.9,3.9,56,0,0,0,0
1,2020-06-24 08,8547.768,25.1,2.9,62,0.1,0,0,0
1,2020-06-24 09,8593.128,24.4,3.1,66,0.2,0,0,0
1,2020-06-24 10,8608.68,23.9,4.5,67,0.2,0,0,0
1,2020-06-24 11,8589.24,21.3,2.9,84,6.6,0,0,0
1,2020-06-24 12,8565.912,20.4,4,90,7.8,0,0,0
1,2020-06-24 13,8597.664,19.9,4,92,6.2,0,0,0
1,2020-06-24 14,8597.016,20,2.4,94,1.5,0,0,0
1,2020-06-24 15,8587.296,20.3,3.2,95,0.7,0,0,0
1,2020-06-24 16,8602.848,20.7,3.3,94,0.3,0,0,0
1,2020-06-24 17,8584.056,20.6,2.2,95,1.9,0,0,0
1,2020-06-24 18,8580.816,20.5,2.5,96,3.3,0,0,0
1,2020-06-24 19,8586,20.4,3,97,1.5,0,0,0
1,2020-06-24 20,8573.688,20.4,3,97,1.2,0,0,0
1,2020-06-24 21,8586.648,20.4,3,97,1.7,0,0,0
1,2020-06-24 22,8591.832,20.5,2.5,97,1.6,0,0,0
1,2020-06-24 23,8565.912,20.5,2,97,1.7,0,0,0
1,2020-06-25 00,8552.952,20.6,2,97,1.1,0,0,0
1,2020-06-25 01,8544.528,20.6,2.1,98,2,0,0,0
1,2020-06-25 02,8509.536,20.7,1.4,97,3.1,0,0,0
1,2020-06-25 03,8505,20.7,1,97,2.7,0,0,0
1,2020-06-25 04,8497.872,20.8,1,97,2,0,0,0
1,2020-06-25 05,8470.008,20.9,1.3,97,0.7,0,0,0
1,2020-06-25 06,8492.04,21.1,2.5,97,0.3,0,0,0
1,2020-06-25 07,8514.72,21.1,1.1,96,0.2,0,0,0
1,2020-06-25 08,8521.2,21.5,1.1,95,0,0,0,0
1,2020-06-25 09,8567.856,21.6,2.8,93,0,0,0,0
1,2020-06-25 10,8593.776,22,3,93,0,0,0,0
1,2020-06-25 11,8578.224,21.9,2.1,93,0.5,0,0,0
1,2020-06-25 12,8584.704,22.7,2.8,89,0,0,0,0
1,2020-06-25 13,8609.976,22.1,2.3,88,0,0,0,0
1,2020-06-25 14,8632.008,22.3,2.5,85,0,0,0,0
1,2020-06-25 15,8604.792,23.1,2.9,82,0,0.1,0,0
1,2020-06-25 16,8595.72,23,2.3,80,0,0,0,0
1,2020-06-25 17,8598.96,22.5,2.8,82,0,0,0,0
1,2020-06-25 18,8559.432,22.3,2.2,83,0,0,0,0
1,2020-06-25 19,8577.576,22.2,2.3,83,0,0,0,0
1,2020-06-25 20,8576.28,21.6,2.2,87,0,0,0,0
1,2020-06-25 21,8585.352,20.9,3.5,91,0.4,0,0,0
1,2020-06-25 22,8580.816,20.5,2.1,93,0.3,0,0,0
1,2020-06-25 23,8569.152,20.2,3.8,95,0.3,0,0,0
1,2020-06-26 00,8543.232,20.1,2,96,0.8,0,0,0
1,2020-06-26 01,8530.272,19.9,3.2,96,0.3,0,0,0
1,2020-06-26 02,8515.368,19.7,2.7,96,0.6,0,0,0
1,2020-06-26 03,8515.368,19.5,3,97,0.7,0,0,0
1,2020-06-26 04,8501.76,19.2,3.1,97,0.3,0,0,0
1,2020-06-26 05,8479.08,19.2,2.8,97,0.2,0,0,0
1,2020-06-26 06,8472.6,19.3,2.8,97,0,0,0,0
1,2020-06-26 07,8493.984,19.5,3.2,96,0,0,0,0
1,2020-06-26 08,8512.776,19.5,4.1,94,0,0,0,0
1,2020-06-26 09,8574.336,19.7,3.9,94,0,0,0,0
1,2020-06-26 10,8562.672,20.4,2.6,92,0,0,0,0
1,2020-06-26 11,8568.504,21.6,2.7,87,0,0,0,0
1,2020-06-26 12,8574.336,23.1,3.1,75,0,0.2,0,0
1,2020-06-26 13,8574.984,23.8,3.7,72,0,0.3,0,0
1,2020-06-26 14,8598.312,23.9,3.1,74,0,0,0,0
1,2020-06-26 15,8598.96,25.3,4.4,67,0,0.6,0,0
1,2020-06-26 16,8598.96,25.7,3.9,64,0,0.7,0,0
1,2020-06-26 17,8577.576,24.9,3.3,69,0,0.7,0,0
1,2020-06-26 18,8551.656,24.3,3.4,71,0,0.4,0,0
1,2020-06-26 19,8560.728,23.4,3.2,75,0,0.2,0,0
1,2020-06-26 20,8580.816,22.6,3.5,76,0,0,0,0
1,2020-06-26 21,8562.672,21.9,2.2,78,0,0,0,0
1,2020-06-26 22,8577.576,21.8,2.7,78,0,0,0,0
1,2020-06-26 23,8558.784,21.6,2.3,77,0,0,0,0
1,2020-06-27 00,8550.36,21.3,1.6,78,0,0,0,0
1,2020-06-27 01,8526.384,21,1.2,79,0,0,0,0
1,2020-06-27 02,8528.328,21,1.4,78,0,0,0,0
1,2020-06-27 03,8536.752,20.9,1.4,78,0,0,0,0
1,2020-06-27 04,8517.96,20.7,1.1,80,0,0,0,0
1,2020-06-27 05,8498.52,20.5,0.6,82,0,0,0,0
1,2020-06-27 06,8475.84,20.4,0.2,81,0,0,0,0
1,2020-06-27 07,8477.784,20.6,0.2,81,0,0,0,0
1,2020-06-27 08,8494.632,21.3,0,78,0,0,0,0
1,2020-06-27 09,8496.576,22.5,0.9,75,0,0,0,0
1,2020-06-27 10,8507.592,23.7,0.4,70,0,0,0,0
1,2020-06-27 11,8498.52,25.3,2.4,64,0,0.8,0,0
1,2020-06-27 12,8504.352,27.1,2.1,60,0,0.9,0,0
1,2020-06-27 13,8506.944,27.4,2.1,54,0,0.6,0,0
1,2020-06-27 14,8527.68,28.3,2.3,56,0,0.5,0,0
1,2020-06-27 15,8538.048,29,3.1,55,0,1,0,0
1,2020-06-27 16,8565.912,29.4,3.5,54,0,0.8,0,0
1,2020-06-27 17,8537.4,28.5,3.6,54,0,1,0,0
1,2020-06-27 18,8519.256,26.7,5.3,61,0,1,0,0
1,2020-06-27 19,8518.608,25.3,3.7,65,0,0.8,0,0
1,2020-06-27 20,8532.864,24,2.9,67,0,0,0,0
1,2020-06-27 21,8530.272,23.5,1.9,71,0,0,0,0
1,2020-06-27 22,8534.808,23.2,2.1,77,0,0,0,0
1,2020-06-27 23,8523.144,23,2.4,77,0,0,0,0
1,2020-06-28 00,8524.44,22.5,1.6,82,0,0,0,0
1,2020-06-28 01,8526.384,22.2,1.2,84,0,0,0,0
1,2020-06-28 02,8530.92,21.8,0.7,85,0,0,0,0
1,2020-06-28 03,8516.016,21.7,2,87,0,0,0,0
1,2020-06-28 04,8502.408,21.6,0.9,87,0,0,0,0
1,2020-06-28 05,8454.456,21.6,1.6,88,0,0,0,0
1,2020-06-28 06,8451.864,21.5,0.8,88,0,0,0,0
1,2020-06-28 07,8475.84,21.9,2.6,89,0,0.6,0,0
1,2020-06-28 08,8466.768,22.8,2.3,83,0,0.9,0,0
1,2020-06-28 09,8482.968,24.1,2.7,76,0,1,0,0
1,2020-06-28 10,8492.688,25.1,2.7,70,0,1,0,0
1,2020-06-28 11,8491.392,26.1,3.4,64,0,0.8,0,0
1,2020-06-28 12,8512.128,27.5,3,59,0,0.9,0,0
1,2020-06-28 13,8517.312,28,3,56,0,0.9,0,0
1,2020-06-28 14,8517.96,28.6,3.4,52,0,0.9,0,0
1,2020-06-28 15,8548.416,29.9,3,51,0,1,0,0
1,2020-06-28 16,8566.56,29.6,3.4,53,0,1,0,0
1,2020-06-28 17,8588.592,29.1,3.4,58,0,1,0,0
1,2020-06-28 18,8586,28.6,2.7,60,0,1,0,0
1,2020-06-28 19,8596.368,27.6,2.7,64,0,1,0,0
1,2020-06-28 20,8560.728,26.2,2,66,0,0.4,0,0
1,2020-06-28 21,8564.616,25.1,2.6,70,0,0,0,0
1,2020-06-28 22,8553.6,24.1,2.8,69,0,0,0,0
1,2020-06-28 23,8530.272,23.6,2,71,0,0,0,0
1,2020-06-29 00,8546.472,23.2,1.5,74,0,0,0,0
1,2020-06-29 01,8518.608,22.8,1.8,78,0,0,0,0
1,2020-06-29 02,8508.888,22.1,1.8,80,0,0,0,0
1,2020-06-29 03,8503.056,21.6,1.2,83,0,0,0,0
1,2020-06-29 04,8498.52,21,2,85,0,0,0,0
1,2020-06-29 05,8455.104,20.8,1.5,86,0,0,0,0
1,2020-06-29 06,8439.552,20.9,1.8,88,0,0,0,0
1,2020-06-29 07,8492.688,22,2,87,0,0.3,0,0
1,2020-06-29 08,8508.24,23.8,2.6,81,0,0.6,0,0
1,2020-06-29 09,8583.408,25.2,1.6,72,0,0.8,0,0
1,2020-06-29 10,8628.768,25.4,2.6,67,0,0,0,0
1,2020-06-29 11,8635.896,26.5,2.4,65,0,0,0,0
1,2020-06-29 12,8661.816,26.5,2.9,67,0,0,0,0
1,2020-06-29 13,8639.136,26.3,3,68,0,0,0,0
1,2020-06-29 14,8643.024,26.2,2.7,68,0,0,0,0
1,2020-06-29 15,8668.944,25.9,3.1,69,0,0,0,0
1,2020-06-29 16,8659.224,26.2,1.8,70,0,0,0,0
1,2020-06-29 17,8630.712,26.2,2.4,67,0,0,0,0
1,2020-06-29 18,8615.808,26.1,3.7,65,0,0,0,0
1,2020-06-29 19,8597.016,25.8,2.7,66,0,0,0,0
1,2020-06-29 20,8565.264,25,3.1,72,0,0,0,0
1,2020-06-29 21,8577.576,23.6,3.4,80,0.5,0,0,0
1,2020-06-29 22,8558.136,22.8,2.7,85,0.8,0,0,0
1,2020-06-29 23,8527.68,21.6,5.2,89,5,0,0,0
1,2020-06-30 00,8522.496,20.6,4,92,5.6,0,0,0
1,2020-06-30 01,8483.616,19.6,5.1,93,13.3,0,0,0
1,2020-06-30 02,8471.952,19.2,6.5,94,10.8,0,0,0
1,2020-06-30 03,8437.608,19.2,6.1,92,2.3,0,0,0
1,2020-06-30 04,8424.648,18.8,3.9,94,12.4,0,0,0
1,2020-06-30 05,8413.632,18.5,4,95,11,0,0,0
1,2020-06-30 06,8412.984,18.5,2.7,96,10.6,0,0,0
1,2020-06-30 07,8418.816,18.7,2.2,95,1.4,0,0,0
1,2020-06-30 08,8447.328,19,3.7,95,1.3,0,0,0
1,2020-06-30 09,8497.224,19.4,1.5,95,0.8,0,0,0
1,2020-06-30 10,8510.184,19.9,2.5,92,0.1,0,0,0
1,2020-06-30 11,8512.776,20.6,3.3,83,0,0,0,0
1,2020-06-30 12,8518.608,21.2,3.2,77,0,0,0,0
1,2020-06-30 13,8552.952,22,3.4,75,0,0,0,0
1,2020-06-30 14,8582.112,22.4,4.7,73,0,0,0,0
1,2020-06-30 15,8584.704,23.1,3.8,69,0,0,0,0
1,2020-06-30 16,8554.896,22.7,5.3,66,0,0,0,0
1,2020-06-30 17,8569.152,22.5,5.8,64,0,0,0,0
1,2020-06-30 18,8543.232,21.7,5.6,66,0,0,0,0
1,2020-06-30 19,8538.696,20.6,5,72,0,0,0,0
1,2020-06-30 20,8530.272,20,3.8,78,0,0,0,0
1,2020-06-30 21,8528.328,18.9,2.5,84,0.5,0,0,0
1,2020-06-30 22,8528.328,18.6,3.3,88,0.2,0,0,0
1,2020-06-30 23,8513.424,18.7,3.3,87,0,0,0,0
1,2020-07-01 00,8514.72,18.8,3.7,85,0,0,0,0
1,2020-07-01 01,8485.56,18.8,3,87,0,0,0,0
1,2020-07-01 02,8458.344,18.7,3,87,0,0,0,0
1,2020-07-01 03,8440.2,18.4,2.3,86,0,0,0,0
1,2020-07-01 04,8431.128,18.2,1.2,86,0,0,0,0
1,2020-07-01 05,8415.576,18.2,1.5,85,0,0,0,0
1,2020-07-01 06,8420.76,18.3,3.1,89,0,0,0,0
1,2020-07-01 07,8446.68,18.5,1.4,88,0,0,0,0
1,2020-07-01 08,8455.104,19.1,1,84,0,0,0,0
1,2020-07-01 09,8514.072,19.6,1.4,84,0,0,0,0
1,2020-07-01 10,8583.408,21.2,2.5,79,0,0,0,0
1,2020-07-01 11,8569.8,21.6,2.1,76,0,0,0,0
1,2020-07-01 12,8547.768,21.7,2,75,0,0,0,0
1,2020-07-01 13,8555.544,21.9,2.2,73,0,0,0,0
1,2020-07-01 14,8580.816,22.5,1.5,72,0,0,0,0
1,2020-07-01 15,8581.464,23.4,0.9,69,0,0,0,0
1,2020-07-01 16,8568.504,23.9,2.2,69,0,0,0,0
1,2020-07-01 17,8580.168,24.3,1.6,68,0,0,0,0
1,2020-07-01 18,8613.864,24.1,1.6,70,0,0.2,0,0
1,2020-07-01 19,8613.864,23.7,2.5,71,0,0,0,0
1,2020-07-01 20,8580.816,23,3,75,0,0,0,0
1,2020-07-01 21,8570.448,22.3,2,78,0,0,0,0
1,2020-07-01 22,8563.32,21.8,2.3,80,0,0,0,0
1,2020-07-01 23,8553.6,21.3,0.6,82,0,0,0,0
1,2020-07-02 00,8530.92,21,1.1,83,0,0,0,0
1,2020-07-02 01,8493.336,20.5,0.5,85,0,0,0,0
1,2020-07-02 02,8462.232,20.5,1.5,87,0,0,0,0
1,2020-07-02 03,8466.768,20.5,2,88,0,0,0,0
1,2020-07-02 04,8446.032,20.6,2.6,87,0,0,0,0
1,2020-07-02 05,8430.48,20.6,1.8,86,0,0,0,0
1,2020-07-02 06,8454.456,20.8,1.5,85,0,0,0,0
1,2020-07-02 07,8448.624,20.9,2.8,84,0,0,0,0
1,2020-07-02 08,8489.448,21.3,2.2,83,0,0,0,0
1,2020-07-02 09,8552.952,22.1,2.2,82,0,0,0,0
1,2020-07-02 10,8573.688,22.6,2.2,78,0,0,0,0
1,2020-07-02 11,8580.168,23.9,1.7,75,0,0,0,0
1,2020-07-02 12,8536.752,25.3,1.8,68,0,0.3,0,0
1,2020-07-02 13,8541.936,27,1.8,64,0,0.9,0,0
1,2020-07-02 14,8582.112,28.3,2.1,60,0,0.8,0,0
1,2020-07-02 15,8576.928,28.6,2.4,58,0,0.8,0,0
1,2020-07-02 16,8584.704,29.3,2.2,54,0,0.7,0,0
1,2020-07-02 17,8562.672,29.7,2.3,53,0,1,0,0
1,2020-07-02 18,8561.376,28.3,3.2,60,0,0.5,0,0
1,2020-07-02 19,8579.52,27.1,2.6,64,0,0.4,0,0
1,2020-07-02 20,8578.224,25.9,2.6,68,0,0,0,0
1,2020-07-02 21,8576.28,24.6,2.4,73,0,0,0,0
1,2020-07-02 22,8551.656,23.9,1.8,78,0,0,0,0
1,2020-07-02 23,8539.992,23.4,1.2,81,0,0,0,0
1,2020-07-03 00,8523.144,23.1,1.2,82,0,0,0,0
1,2020-07-03 01,8513.424,22.9,0.6,82,0,0,0,0
1,2020-07-03 02,8479.728,22.5,0.4,84,0,0,0,0
1,2020-07-03 03,8470.008,22,1.4,86,0,0,0,0
1,2020-07-03 04,8463.528,21.9,1.7,86,0,0,0,0
1,2020-07-03 05,8429.184,21.8,2.1,86,0,0,0,0
1,2020-07-03 06,8429.184,21.7,1.4,86,0,0,0,0
1,2020-07-03 07,8462.232,22.5,2.1,85,0,0.6,0,0
1,2020-07-03 08,8501.112,24.1,2.4,77,0,1,0,0
1,2020-07-03 09,8530.272,25.9,1.7,69,0,1,0,0
1,2020-07-03 10,8566.56,27.5,2.8,60,0,1,0,0
1,2020-07-03 11,8594.424,28.7,2.9,56,0,1,0,0
1,2020-07-03 12,8593.776,29.5,3.9,53,0,0.8,0,0
1,2020-07-03 13,8578.224,30.1,3.4,47,0,0.9,0,0
1,2020-07-03 14,8591.184,30.4,2.9,44,0,0.7,0,0
1,2020-07-03 15,8558.784,30.3,3.4,37,0,0.9,0,0
1,2020-07-03 16,8575.632,30.1,4.3,40,0,0.9,0,0
1,2020-07-03 17,8553.6,29.1,4.8,42,0,0.8,0,0
1,2020-07-03 18,8543.232,27.6,4,43,0,0,0,0
1,2020-07-03 19,8530.92,26.6,3,46,0,0,0,0
1,2020-07-03 20,8543.232,25.6,3.3,47,0,0,0,0
1,2020-07-03 21,8548.416,25,1.8,51,0,0,0,0
1,2020-07-03 22,8543.88,24.4,2.8,56,0,0,0,0
1,2020-07-03 23,8521.2,22.5,3,75,0,0,0,0
1,2020-07-04 00,8503.056,21.6,2.8,83,0.1,0,0,0
1,2020-07-04 01,8498.52,20.8,2.2,85,0.8,0,0,0
1,2020-07-04 02,8488.8,20.7,0.8,87,0.6,0,0,0
1,2020-07-04 03,8481.672,20.6,1.4,89,0.2,0,0,0
1,2020-07-04 04,8482.968,20.5,2.1,91,0,0,0,0
1,2020-07-04 05,8454.456,20.6,0.6,90,0,0,0,0
1,2020-07-04 06,8438.256,20.4,1.4,91,0,0,0,0
1,2020-07-04 07,8457.048,20.8,1.1,91,0,0,0,0
1,2020-07-04 08,8447.328,22,2.1,79,0,0.1,0,0
1,2020-07-04 09,8464.824,23.9,2.1,64,0,1,0,0
1,2020-07-04 10,8451.216,25,1.8,50,0,1,0,0
1,2020-07-04 11,8448.624,26,2.5,47,0,1,0,0
1,2020-07-04 12,8475.84,27.2,1.6,45,0,1,0,0
1,2020-07-04 13,8477.784,28,2,43,0,1,0,0
1,2020-07-04 14,8471.304,28.7,1.9,42,0,0.9,0,0
1,2020-07-04 15,8482.968,29.1,2.5,40,0,0.9,0,0
1,2020-07-04 16,8489.448,27.8,3.7,55,0,0.4,0,0
1,2020-07-04 17,8504.352,27.2,4.2,57,0,0.5,0,0
1,2020-07-04 18,8506.296,26.8,3,56,0,0.9,0,0
1,2020-07-04 19,8525.088,25.7,2.9,56,0,0.7,0,0
1,2020-07-04 20,8505.648,24,3.3,63,0,0.1,0,0
1,2020-07-04 21,8524.44,23.3,2.5,59,0,0,0,0
1,2020-07-04 22,8521.2,22.9,1.7,64,0,0,0,0
1,2020-07-04 23,8489.448,22.6,1.9,65,0,0,0,0
1,2020-07-05 00,8496.576,22.3,1.6,67,0,0,0,0
1,2020-07-05 01,8487.504,21.8,2.1,72,0,0,0,0
1,2020-07-05 02,8470.008,21.2,1.7,76,0,0,0,0
1,2020-07-05 03,8447.976,20.7,2.6,82,0,0,0,0
1,2020-07-05 04,8421.408,20.3,1,82,0,0,0,0
1,2020-07-05 05,8408.448,20,0.8,85,0,0,0,0
1,2020-07-05 06,8409.096,20,1.6,87,0,0,0,0
1,2020-07-05 07,8411.688,20.4,1.9,85,0,0,0,0
1,2020-07-05 08,8411.688,21.1,0.9,80,0,0.1,0,0
1,2020-07-05 09,8424,22.8,1.9,74,0,0.7,0,0
1,2020-07-05 10,8411.688,24.1,2.2,68,0,0.7,0,0
1,2020-07-05 11,8429.184,24.9,1.4,64,0,0.8,0,0
1,2020-07-05 12,8425.944,26.1,2.1,60,0,0.9,0,0
1,2020-07-05 13,8452.512,27.3,2.4,54,0,1,0,0
1,2020-07-05 14,8464.824,26.8,2.6,54,0,0.3,0,0
1,2020-07-05 15,8477.136,27,2.5,54,0,0,0,0
1,2020-07-05 16,8484.912,27,2.5,57,0,0,0,0
1,2020-07-05 17,8492.688,26.8,1.6,56,0,0.1,0,0
1,2020-07-05 18,8472.6,26.8,2.7,58,0,0.4,0,0
1,2020-07-05 19,8510.184,26.2,2.5,58,0,1,0,0
1,2020-07-05 20,8510.184,24.7,1.9,61,0,0.4,0,0
1,2020-07-05 21,8520.552,23.8,2.7,64,0,0,0,0
1,2020-07-05 22,8520.552,23.2,2.4,66,0,0,0,0
1,2020-07-05 23,8501.76,23.1,1.6,68,0,0,0,0
1,2020-07-06 00,8494.632,23,1.2,70,0,0,0,0
1,2020-07-06 01,8483.616,22.8,1.7,72,0,0,0,0
1,2020-07-06 02,8471.952,22.7,2.1,72,0,0,0,0
1,2020-07-06 03,8459.64,22.6,1.1,72,0,0,0,0
1,2020-07-06 04,8453.16,22.4,1.1,73,0,0,0,0
1,2020-07-06 05,8442.144,22,0.3,74,0,0,0,0
1,2020-07-06 06,8430.48,21.8,1,75,0,0,0,0
1,2020-07-06 07,8472.6,22.2,1,75,0,0,0,0
1,2020-07-06 08,8479.08,23.6,2.4,73,0,0.5,0,0
1,2020-07-06 09,8510.184,25.3,2.1,68,0,0.5,0,0
1,2020-07-06 10,8526.384,25.8,1.2,67,0,0.1,0,0
1,2020-07-06 11,8544.528,27.6,2.2,59,0,0.8,0,0
1,2020-07-06 12,8539.344,27.7,2.5,58,0,0.4,0,0
1,2020-07-06 13,8570.448,28.6,1.7,57,0,0.3,0,0
1,2020-07-06 14,8615.808,29.7,1.7,51,0,0.6,0,0
1,2020-07-06 15,8620.992,29.8,1.7,51,0,0.5,0,0
1,2020-07-06 16,8616.456,30.8,2.7,51,0,0.6,0,0
1,2020-07-06 17,8604.144,28.9,4.1,59,0,0.4,0,0
1,2020-07-06 18,8574.336,27.9,2.7,65,0,0.2,0,0
1,2020-07-06 19,8577.576,27.1,3.3,67,0,0.1,0,0
1,2020-07-06 20,8566.56,26,3.2,69,0,0,0,0
1,2020-07-06 21,8543.88,25.3,2.6,69,0,0,0,0
1,2020-07-06 22,8566.56,25,2.4,71,0,0,0,0
1,2020-07-06 23,8506.296,24.8,2.7,70,0,0,0,0
1,2020-07-07 00,8498.52,24,1.9,75,0,0,0,0
1,2020-07-07 01,8483.616,23.6,2.4,77,0,0,0,0
1,2020-07-07 02,8468.064,23.1,1.5,77,0,0,0,0
1,2020-07-07 03,8457.048,23.1,2.9,79,0,0,0,0
1,2020-07-07 04,8449.92,22.6,2.3,80,0,0,0,0
1,2020-07-07 05,8425.944,22.4,2.1,80,0,0,0,0
1,2020-07-07 06,8439.552,22.3,1.9,82,0,0,0,0
1,2020-07-07 07,8463.528,22.2,2.5,84,0,0,0,0
1,2020-07-07 08,8468.064,22.4,2,82,0,0,0,0
1,2020-07-07 09,8514.72,23.2,2.1,78,0,0,0,0
1,2020-07-07 10,8572.392,24.7,2.5,71,0,0.5,0,0
1,2020-07-07 11,8576.928,24.3,2.4,70,0,0,0,0
1,2020-07-07 12,8537.4,24.2,2.4,74,0,0,0,0
1,2020-07-07 13,8573.04,24,2.9,74,0,0,0,0
1,2020-07-07 14,8608.032,25.5,3,69,0,0,0,0
1,2020-07-07 15,8589.888,26.9,2.9,65,0,0.6,0,0
1,2020-07-07 16,8613.864,27.4,3.2,63,0,1,0,0
1,2020-07-07 17,8557.488,28,3.1,61,0,0.9,0,0
1,2020-07-07 18,8554.248,27.1,2.4,66,0,0.3,0,0
1,2020-07-07 19,8578.224,26.3,3.2,69,0,0.6,0,0
1,2020-07-07 20,8562.024,24.9,2.9,74,0,0.1,0,0
1,2020-07-07 21,8550.36,23.9,2.1,78,0,0,0,0
1,2020-07-07 22,8569.8,23,2.2,79,0,0,0,0
1,2020-07-07 23,8535.456,22.4,2.1,81,0,0,0,0
1,2020-07-08 00,8523.144,22.4,3.3,82,0,0,0,0
1,2020-07-08 01,8517.312,22.2,0.5,82,0,0,0,0
1,2020-07-08 02,8499.168,22.1,1.5,85,0,0,0,0
1,2020-07-08 03,8489.448,21.8,1.7,87,0,0,0,0
1,2020-07-08 04,8451.864,21.7,2.1,89,0,0,0,0
1,2020-07-08 05,8424,21.4,2.2,89,0,0,0,0
1,2020-07-08 06,8421.408,21.3,0.5,90,0,0,0,0
1,2020-07-08 07,8469.36,21.8,0.6,89,0,0,0,0
1,2020-07-08 08,8473.248,23.5,1.3,81,0,0.7,0,0
1,2020-07-08 09,8560.728,24.7,1,75,0,0.7,0,0
1,2020-07-08 10,8541.936,25.6,1.5,72,0,0.3,0,0
1,2020-07-08 11,8539.992,27.6,2.8,67,0,0.7,0,0
1,2020-07-08 12,8551.656,28.8,3,58,0,1,0,0
1,2020-07-08 13,8582.76,29.3,2.5,59,0,0.9,0,0
1,2020-07-08 14,8629.416,29.6,3.2,57,0,0.8,0,0
1,2020-07-08 15,8678.664,30.2,2.6,54,0,0.9,0,0
1,2020-07-08 16,8679.312,30.3,2.6,55,0,1,0,0
1,2020-07-08 17,8641.08,30.1,2.9,55,0,0.9,0,0
1,2020-07-08 18,8617.752,29.5,2.4,56,0,0.9,0,0
1,2020-07-08 19,8606.736,28.1,3.2,61,0,1,0,0
1,2020-07-08 20,8593.776,26,2.6,68,0,0.2,0,0
1,2020-07-08 21,8582.76,24.9,2.7,71,0,0,0,0
1,2020-07-08 22,8551.656,24.4,2.3,75,0,0,0,0
1,2020-07-08 23,8524.44,23.5,2.4,81,0,0,0,0
1,2020-07-09 00,8514.072,23,1.8,84,0,0,0,0
1,2020-07-09 01,8493.984,22.7,1.1,84,0,0,0,0
1,2020-07-09 02,8475.192,22.5,1.1,85,0,0,0,0
1,2020-07-09 03,8484.264,22.4,2,87,0,0,0,0
1,2020-07-09 04,8468.064,22.2,2,87,0,0,0,0
1,2020-07-09 05,8436.312,22,0.5,87,0,0,0,0
1,2020-07-09 06,8451.864,22,1.3,89,0,0,0,0
1,2020-07-09 07,8453.16,22.3,0.9,87,0,0,0,0
1,2020-07-09 08,8513.424,24.1,2,82,0,0.8,0,0
1,2020-07-09 09,8608.68,25.9,1.6,73,0,0.8,0,0
1,2020-07-09 10,8614.512,27.2,2.5,69,0,0.9,0,0
1,2020-07-09 11,8634.6,28.8,2.2,62,0,0.7,0,0
1,2020-07-09 12,8613.216,30.2,2.6,55,0,0.7,0,0
1,2020-07-09 13,8615.16,31.4,2.5,44,0,1,0,0
1,2020-07-09 14,8619.696,31.8,2,40,0,0.6,0,0
1,2020-07-09 15,8650.152,32.4,2.6,40,0,0.9,0,0
1,2020-07-09 16,8643.024,32.4,2.3,40,0,0.6,0,0
1,2020-07-09 17,8620.344,32,1.7,43,0,0.4,0,0
1,2020-07-09 18,8594.424,31.4,1.9,51,0,0.2,0,0
1,2020-07-09 19,8607.384,30,1.8,57,0,0.1,0,0
1,2020-07-09 20,8573.04,29,1.2,60,0,0,0,0
1,2020-07-09 21,8613.216,28.3,0.2,62,0,0,0,0
1,2020-07-09 22,8622.288,27.8,1.1,63,0,0,0,0
1,2020-07-09 23,8603.496,27.9,2.3,59,0,0,0,0
1,2020-07-10 00,8609.328,27.7,2.2,60,0,0,0,0
1,2020-07-10 01,8560.728,26.6,2.5,65,0,0,0,0
1,2020-07-10 02,8546.472,26.2,3.4,68,0,0,0,0
1,2020-07-10 03,8530.92,25.5,2.6,70,0,0,0,0
1,2020-07-10 04,8499.816,25,2.7,71,0,0,0,0
1,2020-07-10 05,8476.488,25,2.4,70,0,0,0,0
1,2020-07-10 06,8468.064,24.1,2.4,79,0.1,0,0,0
1,2020-07-10 07,8477.784,24.2,3,75,0,0,0,0
1,2020-07-10 08,8469.36,24.5,3.5,72,0,0,0,0
1,2020-07-10 09,8529.624,23.3,2.7,84,1.9,0,0,0
1,2020-07-10 10,8546.472,24.1,2.8,79,0,0,0,0
1,2020-07-10 11,8541.288,23.8,2.6,83,0.2,0,0,0
1,2020-07-10 12,8542.584,23.9,2.6,83,0,0,0,0
1,2020-07-10 13,8569.152,24.4,3.5,82,0,0,0,0
1,2020-07-10 14,8593.128,25,3.6,76,0,0.2,0,0
1,2020-07-10 15,8607.384,25.5,4.3,75,0,0.1,0,0
1,2020-07-10 16,8609.976,27.1,6.3,65,0,1,0,0
1,2020-07-10 17,8573.688,26.8,4.6,64,0,0.6,0,0
1,2020-07-10 18,8559.432,27.1,2.8,63,0,0.8,0,0
1,2020-07-10 19,8536.104,26.2,2.7,66,0,0.1,0,0
1,2020-07-10 20,8529.624,25.1,1.3,70,0,0.3,0,0
1,2020-07-10 21,8519.904,24,2.7,70,0,0,0,0
1,2020-07-10 22,8523.144,23.4,1.9,73,0,0,0,0
1,2020-07-10 23,8510.832,23,1,75,0,0,0,0
1,2020-07-11 00,8517.96,22.7,1.6,76,0,0,0,0
1,2020-07-11 01,8502.408,22.5,1.1,78,0,0,0,0
1,2020-07-11 02,8497.224,22.6,1.1,78,0,0,0,0
1,2020-07-11 03,8481.024,22.5,0.8,78,0,0,0,0
1,2020-07-11 04,8472.6,22.3,1.7,75,0,0,0,0
1,2020-07-11 05,8449.272,22.3,1.3,75,0,0,0,0
1,2020-07-11 06,8441.496,22.2,1.6,75,0,0,0,0
1,2020-07-11 07,8432.424,22.7,2.2,73,0,0.1,0,0
1,2020-07-11 08,8447.328,24.7,3,67,0,1,0,0
1,2020-07-11 09,8442.144,25.1,2.9,66,0,0.7,0,0
1,2020-07-11 10,8473.248,27.2,2.3,60,0,1,0,0
1,2020-07-11 11,8458.992,28.3,2.6,56,0,0.8,0,0
1,2020-07-11 12,8499.816,28.1,3.1,54,0,0.3,0,0
1,2020-07-11 13,8490.744,29.5,4.3,52,0,0.7,0,0
1,2020-07-11 14,8512.776,30.1,3.3,53,0,0.8,0,0
1,2020-07-11 15,8510.832,29.7,2.9,51,0,0.5,0,0
1,2020-07-11 16,8510.832,29.5,3,52,0,0.4,0,0
1,2020-07-11 17,8501.76,29.3,2.7,54,0,0,0,0
1,2020-07-11 18,8499.168,28.7,3.1,54,0,0.1,0,0
1,2020-07-11 19,8507.592,27.6,3.3,57,0,0.2,0,0
1,2020-07-11 20,8519.904,26.5,3.4,58,0,0,0,0
1,2020-07-11 21,8506.944,25.8,4.1,60,0,0,0,0
1,2020-07-11 22,8505.648,25.1,3.2,61,0,0,0,0
1,2020-07-11 23,8492.04,24.6,3.4,62,0,0,0,0
1,2020-07-12 00,8494.632,24.2,3.1,63,0,0,0,0
1,2020-07-12 01,8482.32,23.8,2.6,64,0,0,0,0
1,2020-07-12 02,8477.784,23.3,2.7,63,0,0,0,0
1,2020-07-12 03,8451.216,22.8,2.5,64,0,0,0,0
1,2020-07-12 04,8439.552,22.6,2.2,63,0,0,0,0
1,2020-07-12 05,8409.744,22.2,2.9,60,0,0,0,0
1,2020-07-12 06,8402.616,22.3,2.4,60,0,0,0,0
1,2020-07-12 07,8414.28,22.7,2.4,59,0,0,0,0
1,2020-07-12 08,8422.704,23.2,2.6,60,0,0,0,0
1,2020-07-12 09,8438.904,23.7,2.2,59,0,0,0,0
1,2020-07-12 10,8430.48,24.2,2.8,62,0,0,0,0
1,2020-07-12 11,8449.272,25.1,2.5,64,0,0,0,0
1,2020-07-12 12,8457.696,25.6,2.3,64,0,0,0,0
1,2020-07-12 13,8462.88,26,2.7,64,0,0,0,0
1,2020-07-12 14,8467.416,25.6,2.8,66,0,0,0,0
1,2020-07-12 15,8481.024,25.6,2,67,0,0,0,0
1,2020-07-12 16,8481.024,25.2,2.2,68,0,0,0,0
1,2020-07-12 17,8477.136,24.5,1.6,75,0.1,0,0,0
1,2020-07-12 18,8479.08,23.7,1.5,82,0.8,0,0,0
1,2020-07-12 19,8464.176,23,1.5,87,0.8,0,0,0
1,2020-07-12 20,8455.104,22.6,2,88,0.6,0,0,0
1,2020-07-12 21,8458.992,22.2,1.9,90,0.5,0,0,0
1,2020-07-12 22,8468.712,22.1,2.3,90,0.1,0,0,0
1,2020-07-12 23,8451.216,21.8,3,90,0,0,0,0
1,2020-07-13 00,8447.976,21.7,3.4,89,0,0,0,0
1,2020-07-13 01,8436.96,21.6,3.1,87,0,0,0,0
1,2020-07-13 02,8415.576,20.3,3.7,88,1.3,0,0,0
1,2020-07-13 03,8414.928,19.2,3.6,90,2.1,0,0,0
1,2020-07-13 04,8388.36,18.3,3.8,92,2.5,0,0,0
1,2020-07-13 05,8355.96,18,4.3,94,1.8,0,0,0
1,2020-07-13 06,8357.904,17.8,4.4,94,2.1,0,0,0
1,2020-07-13 07,8403.912,17.8,4.5,96,3.8,0,0,0
1,2020-07-13 08,8415.576,18,4,96,2.1,0,0,0
1,2020-07-13 09,8479.08,18.6,4.8,96,0.8,0,0,0
1,2020-07-13 10,8493.984,19.1,4.2,95,0.6,0,0,0
1,2020-07-13 11,8487.504,19.1,4.4,96,3.9,0,0,0
1,2020-07-13 12,8485.56,19.3,4.3,95,2.3,0,0,0
1,2020-07-13 13,8474.544,19.4,3.7,93,1.6,0,0,0
1,2020-07-13 14,8495.928,19.4,3.4,94,0.6,0,0,0
1,2020-07-13 15,8510.832,19.3,4,94,0.8,0,0,0
1,2020-07-13 16,8497.872,19.3,3.6,95,1.4,0,0,0
1,2020-07-13 17,8491.392,19.2,4.2,96,2.8,0,0,0
1,2020-07-13 18,8473.248,19,3.5,96,1.6,0,0,0
1,2020-07-13 19,8473.896,18.6,4.7,95,0.7,0,0,0
1,2020-07-13 20,8468.712,18.2,4.2,96,1.5,0,0,0
1,2020-07-13 21,8481.024,18.1,4.9,96,1,0,0,0
1,2020-07-13 22,8468.712,18.1,4.3,96,1.4,0,0,0
1,2020-07-13 23,8466.768,18,3.3,97,5.6,0,0,0
1,2020-07-14 00,8449.272,17.9,3.8,97,5.3,0,0,0
1,2020-07-14 01,7923.744,17.7,3.1,97,5.3,0,0,0
1,2020-07-14 02,8549.064,17.6,3.6,98,3.7,0,0,0
1,2020-07-14 03,8400.672,17.5,3.6,96,0.7,0,0,0
1,2020-07-14 04,8352.072,17.3,2.3,94,0.3,0,0,0
1,2020-07-14 05,8345.592,17.2,3.5,94,1,0,0,0
1,2020-07-14 06,8335.872,17.2,1.8,93,0.2,0,0,0
1,2020-07-14 07,8376.048,17.5,2.5,94,0.1,0,0,0
1,2020-07-14 08,8383.824,18,2.8,92,0.2,0,0,0
1,2020-07-14 09,8425.944,18.8,2.5,89,0,0,0,0
1,2020-07-14 10,8475.84,20,3,82,0,0,0,0
1,2020-07-14 11,8481.024,20.5,3.7,78,0,0,0,0
1,2020-07-14 12,8483.616,20.6,3.5,79,0,0,0,0
1,2020-07-14 13,8485.56,21,3.5,80,0,0,0,0
1,2020-07-14 14,8532.864,22.5,4,73,0,0,0,0
1,2020-07-14 15,8526.384,23.5,3.2,68,0,0,0,0
1,2020-07-14 16,8519.256,24.1,2.5,65,0,0.1,0,0
1,2020-07-14 17,8516.664,23.6,2.9,66,0,0,0,0
1,2020-07-14 18,8470.008,23,2.7,68,0,0,0,0
1,2020-07-14 19,8477.784,22.4,2.8,69,0,0,0,0
1,2020-07-14 20,8460.288,21.8,1.9,70,0,0,0,0
1,2020-07-14 21,8457.696,21.4,1.8,70,0,0,0,0
1,2020-07-14 22,8488.8,21,2,71,0,0,0,0
1,2020-07-14 23,8460.288,20.7,2.1,71,0,0,0,0
1,2020-07-15 00,8439.552,20.5,1.7,72,0,0,0,0
1,2020-07-15 01,8417.52,20.2,1.6,73,0,0,0,0
1,2020-07-15 02,8389.656,19.8,1,74,0,0,0,0
1,2020-07-15 03,8390.304,19.5,1.4,74,0,0,0,0
1,2020-07-15 04,8372.16,19.3,1.9,76,0,0,0,0
1,2020-07-15 05,8335.872,19.1,1.6,77,0,0,0,0
1,2020-07-15 06,8336.52,18.9,1.3,77,0,0,0,0
1,2020-07-15 07,8355.96,19.1,2.2,76,0,0,0,0
1,2020-07-15 08,8361.144,20.3,1.9,74,0,0.2,0,0
1,2020-07-15 09,8442.144,22.6,2.5,62,0,1,0,0
1,2020-07-15 10,8458.992,23.3,1.8,61,0,0.5,0,0
1,2020-07-15 11,8474.544,23.6,2.1,62,0,0,0,0
1,2020-07-15 12,8510.184,24.5,2.8,57,0,0.5,0,0
1,2020-07-15 13,8433.72,25.3,1.7,57,0,0.5,0,0
1,2020-07-15 14,8445.384,26.8,2,49,0,1,0,0
1,2020-07-15 15,8471.304,27.5,2.6,46,0,1,0,0
1,2020-07-15 16,8470.656,28,2,43,0,1,0,0
1,2020-07-15 17,8471.304,28.6,1.8,42,0,1,0,0
1,2020-07-15 18,8454.456,28.4,1.7,44,0,1,0,0
1,2020-07-15 19,8462.232,27.5,2,53,0,1,0,0
1,2020-07-15 20,8467.416,25,2.6,66,0,0.6,0,0
1,2020-07-15 21,8479.08,23.6,2.5,70,0,0,0,0
1,2020-07-15 22,8464.176,22.8,2,73,0,0,0,0
1,2020-07-15 23,8460.936,22.2,1.9,74,0,0,0,0
1,2020-07-16 00,8451.864,21.8,1.4,75,0,0,0,0
1,2020-07-16 01,8412.336,21.5,1.1,77,0,0,0,0
1,2020-07-16 02,8407.8,21,1,80,0,0,0,0
1,2020-07-16 03,8388.36,20.9,0.2,80,0,0,0,0
1,2020-07-16 04,8385.12,20.9,0,81,0,0,0,0
1,2020-07-16 05,8374.752,20.4,1.9,82,0,0,0,0
1,2020-07-16 06,8366.976,20.4,0.8,85,0,0,0,0
1,2020-07-16 07,8385.768,21,1.3,85,0,0,0,0
1,2020-07-16 08,8411.04,22.4,0.8,79,0,0.6,0,0
1,2020-07-16 09,8474.544,24,1.4,69,0,1,0,0
1,2020-07-16 10,8460.288,25.5,1,62,0,0.9,0,0
1,2020-07-16 11,8453.808,26.8,2.3,57,0,0.9,0,0
1,2020-07-16 12,8457.048,28.1,2.4,59,0,1,0,0
1,2020-07-16 13,8503.704,28.3,2.4,58,0,0.5,0,0
1,2020-07-16 14,8565.912,28.4,2,58,0,0.3,0,0
1,2020-07-16 15,8562.672,29.5,2.8,58,0,0.8,0,0
1,2020-07-16 16,8569.8,29.5,2.9,58,0,0.9,0,0
1,2020-07-16 17,8563.968,29.4,3.1,59,0,0.9,0,0
1,2020-07-16 18,8523.792,28.9,3.1,60,0,1,0,0
1,2020-07-16 19,8519.256,27.4,2.9,63,0,1,0,0
1,2020-07-16 20,8512.128,25.8,2.1,69,0,0.4,0,0
1,2020-07-16 21,8484.912,24.8,2.4,74,0,0,0,0
1,2020-07-16 22,8495.928,24,1.5,78,0,0,0,0
1,2020-07-16 23,8491.392,23.6,1.9,81,0,0,0,0
1,2020-07-17 00,8482.32,23.3,2.1,82,0,0,0,0
1,2020-07-17 01,8448.624,23,1,83,0,0,0,0
1,2020-07-17 02,8440.848,22.7,1.9,83,0,0,0,0
1,2020-07-17 03,8424.648,22.4,1.5,84,0,0,0,0
1,2020-07-17 04,8417.52,22.1,0.4,85,0,0,0,0
1,2020-07-17 05,8384.472,21.8,1,87,0,0,0,0
1,2020-07-17 06,8372.16,21.6,0.4,87,0,0,0,0
1,2020-07-17 07,8402.616,22.2,0.8,86,0,0.3,0,0
1,2020-07-17 08,8450.568,23.2,0.6,84,0,0.1,0,0
1,2020-07-17 09,8489.448,25.5,0.8,78,0,0.7,0,0
1,2020-07-17 10,8528.328,26.7,1.3,72,0,0.8,0,0
1,2020-07-17 11,8548.416,28.3,1.9,65,0,0.9,0,0
1,2020-07-17 12,8548.416,29,2.7,61,0,0.6,0,0
1,2020-07-17 13,8570.448,30,2.3,57,0,0.5,0,0
1,2020-07-17 14,8613.216,31,2.5,54,0,0.8,0,0
1,2020-07-17 15,8657.928,30.9,3.2,55,0,0.7,0,0
1,2020-07-17 16,8632.656,30.1,5,63,0,0.6,0,0
1,2020-07-17 17,8604.144,28.2,4.5,67,0,0.3,0,0
1,2020-07-17 18,8557.488,28.3,2.3,67,0,0.3,0,0
1,2020-07-17 19,8551.656,28.1,2.6,67,0,0.9,0,0
1,2020-07-17 20,8559.432,26.7,2.4,69,0,0,0,0
1,2020-07-17 21,8528.328,25.6,1.2,71,0,0,0,0
1,2020-07-17 22,8509.536,25.1,1.6,71,0,0,0,0
1,2020-07-17 23,8497.872,24.7,0.5,72,0,0,0,0
1,2020-07-18 00,8497.872,24.4,1.1,73,0,0,0,0
1,2020-07-18 01,8497.224,24.2,1.3,76,0,0,0,0
1,2020-07-18 02,8452.512,23.8,0.9,77,0,0,0,0
1,2020-07-18 03,8454.456,23.5,1.1,83,0,0,0,0
1,2020-07-18 04,8459.64,23.1,1.4,80,0,0,0,0
1,2020-07-18 05,8402.616,22.9,1.6,82,0,0,0,0
1,2020-07-18 06,8387.064,22.8,0.5,83,0,0,0,0
1,2020-07-18 07,8427.24,23.3,0.8,82,0,0,0,0
1,2020-07-18 08,8427.24,24.5,1.7,78,0,0.1,0,0
1,2020-07-18 09,8460.288,25.3,1.4,79,0,0,0,0
1,2020-07-18 10,8447.976,26.5,1.1,72,0,0.2,0,0
1,2020-07-18 11,8455.104,27.2,1,69,0,0,0,0
1,2020-07-18 12,8499.168,28.1,2.2,66,0,0.1,0,0
1,2020-07-18 13,8487.504,28.1,2.6,64,0,0,0,0
1,2020-07-18 14,8512.128,28.2,0.9,67,0,0.1,0,0
1,2020-07-18 15,8517.312,30.1,1.4,59,0,0.9,0,0
1,2020-07-18 16,8548.416,30.2,2.3,56,0,0.7,0,0
1,2020-07-18 17,8532.864,29.1,3.9,62,0,0.3,0,0
1,2020-07-18 18,8513.424,28.5,2.5,64,0,0.8,0,0
1,2020-07-18 19,8530.92,28,1.9,66,0,1,0,0
1,2020-07-18 20,8546.472,26.6,2,70,0,0.1,0,0
1,2020-07-18 21,8536.104,25.9,1.2,72,0,0,0,0
1,2020-07-18 22,8554.896,25.4,0.2,74,0,0,0,0
1,2020-07-18 23,8514.72,25,1.1,77,0,0,0,0
1,2020-07-19 00,8499.168,24.7,1.3,67,0,0,0,0
1,2020-07-19 01,8477.136,24.5,2,62,0,0,0,0
1,2020-07-19 02,8456.4,24.2,1.8,65,0,0,0,0
1,2020-07-19 03,8439.552,24.1,1.6,68,0,0,0,0
1,2020-07-19 04,8433.72,24.1,2.9,68,0,0,0,0
1,2020-07-19 05,8414.28,23.9,2.6,68,0,0,0,0
1,2020-07-19 06,8367.624,23.8,2.4,70,0,0,0,0
1,2020-07-19 07,8375.4,22.5,2.5,82,1.2,0,0,0
1,2020-07-19 08,8341.056,21.4,2.8,91,7.3,0,0,0
1,2020-07-19 09,8361.792,20.7,3.9,94,14.6,0,0,0
1,2020-07-19 10,8405.856,20.8,3.2,96,5.8,0,0,0
1,2020-07-19 11,8403.912,21.1,3.7,96,0.1,0,0,0
1,2020-07-19 12,8425.944,21.7,3,94,0,0,0,0
1,2020-07-19 13,8480.376,22.3,3.2,91,0,0,0,0
1,2020-07-19 14,8511.48,23.7,2.8,86,0,0,0,0
1,2020-07-19 15,8528.976,23.8,3.2,85,0,0,0,0
1,2020-07-19 16,8538.696,24.2,3.4,84,0,0,0,0
1,2020-07-19 17,8557.488,25.3,2.7,83,0,0,0,0
1,2020-07-19 18,8575.632,25.3,2.9,82,0,0,0,0
1,2020-07-19 19,8604.792,25.9,2.4,82,0,0,0,0
1,2020-07-19 20,8584.704,26.2,2.7,79,0,0,0,0
1,2020-07-19 21,8592.48,26.4,3.2,79,0,0,0,0
1,2020-07-19 22,8616.456,26.5,2.9,78,0,0,0,0
1,2020-07-19 23,8592.48,26.6,2.5,78,0,0,0,0
1,2020-07-20 00,8600.256,26.2,1.9,81,0.1,0,0,0
1,2020-07-20 01,8608.68,26.2,2.2,81,0.1,0,0,0
1,2020-07-20 02,8578.872,26.4,2.2,83,0.3,0,0,0
1,2020-07-20 03,8551.656,26.4,3.9,85,0.3,0,0,0
1,2020-07-20 04,8554.896,25.8,4,90,1,0,0,0
1,2020-07-20 05,8512.128,25.5,2.9,91,0.1,0,0,0
1,2020-07-20 06,8506.944,25.3,6.7,88,0,0,0,0
1,2020-07-20 07,8538.048,24.5,5.9,89,0,0,0,0
1,2020-07-20 08,8523.792,23.8,4.3,93,0.1,0,0,0
1,2020-07-20 09,8552.304,23.3,5.4,95,0.9,0,0,0
1,2020-07-20 10,8573.04,23.2,3.9,96,0.7,0,0,0
1,2020-07-20 11,8556.84,22.9,4.3,94,0.1,0,0,0
1,2020-07-20 12,8511.48,22.8,4.1,88,0,0,0,0
1,2020-07-20 13,8514.72,22.9,5,86,0,0,0,0
1,2020-07-20 14,8528.976,23.4,3.7,84,0,0,0,0
1,2020-07-20 15,8543.88,23.8,4.2,81,0,0,0,0
1,2020-07-20 16,8544.528,24.1,3.2,79,0,0,0,0
1,2020-07-20 17,8536.104,23.9,3.8,80,0,0,0,0
1,2020-07-20 18,8521.848,23.7,3.9,80,0,0,0,0
1,2020-07-20 19,8552.304,23.5,2.1,82,0,0,0,0
1,2020-07-20 20,8519.256,23.2,3,84,0,0,0,0
1,2020-07-20 21,8507.592,22.7,1.9,84,0,0,0,0
1,2020-07-20 22,8527.032,22.5,2,85,0,0,0,0
1,2020-07-20 23,8493.984,22.5,2.7,87,0,0,0,0
1,2020-07-21 00,8483.616,22.4,2.3,89,0,0,0,0
1,2020-07-21 01,8481.024,22.1,1.4,91,0,0,0,0
1,2020-07-21 02,8444.088,22.1,1.9,89,0,0,0,0
1,2020-07-21 03,8429.184,22.1,0.9,89,0,0,0,0
1,2020-07-21 04,8427.24,22,1.5,90,0,0,0,0
1,2020-07-21 05,8396.784,21.9,0.2,89,0,0,0,0
1,2020-07-21 06,8375.4,21.5,0.4,90,0,0,0,0
1,2020-07-21 07,8443.44,21.7,1.1,92,0,0.5,0,0
1,2020-07-21 08,8436.96,22.4,1.1,88,0,0,0,0
1,2020-07-21 09,8516.664,23,1.3,86,0,0,0,0
1,2020-07-21 10,8536.104,24.1,1.8,81,0,0.1,0,0
1,2020-07-21 11,8535.456,25.9,1.4,71,0,0.7,0,0
1,2020-07-21 12,8498.52,27.2,1.9,64,0,0.7,0,0
1,2020-07-21 13,8517.96,27.8,2,62,0,0.3,0,0
1,2020-07-21 14,8536.752,29.3,1.5,57,0,0.8,0,0
1,2020-07-21 15,8557.488,29.3,1.5,57,0,0.2,0,0
1,2020-07-21 16,8554.248,30.1,1.4,53,0,0.7,0,0
1,2020-07-21 17,8577.576,29.3,2.3,57,0,0,0,0
1,2020-07-21 18,8563.968,27.6,2.8,70,0,0,0,0
1,2020-07-21 19,8567.856,26.6,2.9,73,0,0,0,0
1,2020-07-21 20,8562.672,25.6,2.5,74,0,0,0,0
1,2020-07-21 21,8573.688,25.1,1.6,76,0,0,0,0
1,2020-07-21 22,8565.912,24.7,1.5,77,0,0,0,0
1,2020-07-21 23,8532.216,24.3,0.2,81,0,0,0,0
1,2020-07-22 00,8516.016,23.9,1.1,84,0,0,0,0
1,2020-07-22 01,8477.136,23.6,1.1,84,0,0,0,0
1,2020-07-22 02,8474.544,23.4,1.5,87,0,0,0,0
1,2020-07-22 03,8479.08,23.4,1.3,87,0,0,0,0
1,2020-07-22 04,8483.616,23.4,1,87,0,0,0,0
1,2020-07-22 05,8449.272,23.5,1.1,87,0,0,0,0
1,2020-07-22 06,8438.256,23.6,1.6,87,0,0,0,0
1,2020-07-22 07,8452.512,23.9,1,86,0,0,0,0
1,2020-07-22 08,8458.344,24,1.2,88,0.3,0,0,0
1,2020-07-22 09,8536.752,23.1,2.7,93,6.2,0,0,0
1,2020-07-22 10,8557.488,23.4,1.5,95,2,0,0,0
1,2020-07-22 11,8545.176,23.7,2.2,94,0.7,0,0,0
1,2020-07-22 12,8578.872,24.5,0.9,91,0.6,0,0,0
1,2020-07-22 13,8568.504,24.7,1.6,88,0,0,0,0
1,2020-07-22 14,8574.336,25.3,1.6,85,0,0,0,0
1,2020-07-22 15,8617.104,25.6,1.8,84,0,0,0,0
1,2020-07-22 16,8602.848,25.3,1.4,86,0.2,0,0,0
1,2020-07-22 17,8574.336,24.3,2.3,91,0.3,0,0,0
1,2020-07-22 18,8538.696,23.5,2.8,92,1.2,0,0,0
1,2020-07-22 19,8512.776,23.3,2,91,0,0,0,0
1,2020-07-22 20,8525.088,23,2,91,0,0,0,0
1,2020-07-22 21,8534.16,22.9,1.2,90,0,0,0,0
1,2020-07-22 22,8509.536,22.8,1.7,90,0,0,0,0
1,2020-07-22 23,8475.84,22.6,0.8,89,0,0,0,0
1,2020-07-23 00,8499.816,22.6,0.7,90,0,0,0,0
1,2020-07-23 01,8468.712,22.6,0.6,90,0,0,0,0
1,2020-07-23 02,8440.848,22.6,1.4,92,0,0,0,0
1,2020-07-23 03,8449.92,22.5,0.7,94,0.3,0,0,0
1,2020-07-23 04,8439.552,22.3,1.6,95,0.2,0,0,0
1,2020-07-23 05,8423.352,22.1,2.1,95,0.2,0,0,0
1,2020-07-23 06,8418.816,22.1,1.8,96,0.1,0,0,0
1,2020-07-23 07,8441.496,22.1,1.8,96,0.4,0,0,0
1,2020-07-23 08,8433.072,22.1,2,97,0.6,0,0,0
1,2020-07-23 09,8501.76,22.2,2.9,97,0.4,0,0,0
1,2020-07-23 10,8493.336,22.2,3.3,94,0,0,0,0
1,2020-07-23 11,8501.112,22.3,2.3,89,0,0,0,0
1,2020-07-23 12,8481.672,22.2,2.9,94,1.7,0,0,0
1,2020-07-23 13,8477.136,22.3,4.3,95,1.6,0,0,0
1,2020-07-23 14,8514.72,22.2,5,93,0.7,0,0,0
1,2020-07-23 15,8501.76,21.7,3.5,94,5.2,0,0,0
1,2020-07-23 16,8490.744,21.3,3.6,96,8.7,0,0,0
1,2020-07-23 17,8469.36,20.3,5.6,97,10.7,0,0,0
1,2020-07-23 18,8460.936,19.8,6.1,98,17.3,0,0,0
1,2020-07-23 19,8461.584,19.8,6.9,99,16.6,0,0,0
1,2020-07-23 20,8460.288,19.9,6.5,98,9.8,0,0,0
1,2020-07-23 21,8451.216,19.5,4.8,98,15.1,0,0,0
1,2020-07-23 22,8467.416,19,6.5,97,10.4,0,0,0
1,2020-07-23 23,8473.248,18.6,6.4,95,2.6,0,0,0
1,2020-07-24 00,8458.344,18.8,6.9,93,0.5,0,0,0
1,2020-07-24 01,8418.168,19.2,7.9,87,0,0,0,0
1,2020-07-24 02,8413.632,19.6,6.7,83,0,0,0,0
1,2020-07-24 03,8406.504,20,6.3,81,0,0,0,0
1,2020-07-24 04,8392.248,20.2,4.6,81,0.3,0,0,0
1,2020-07-24 05,8372.808,20.4,5.5,82,0,0,0,0
1,2020-07-24 06,8363.736,20.6,4.2,79,0,0,0,0
1,2020-07-24 07,8405.208,21.1,6.1,75,0,0,0,0
1,2020-07-24 08,8397.432,21.3,5.9,75,0,0,0,0
1,2020-07-24 09,8440.848,21.3,3.5,76,0,0,0,0
1,2020-07-24 10,8464.176,20.4,2.5,89,2.3,0,0,0
1,2020-07-24 11,8458.344,21.6,3.7,82,0,0,0,0
1,2020-07-24 12,8470.008,21.2,4.4,85,0.3,0,0,0
1,2020-07-24 13,8469.36,22.2,3.9,80,0,0,0,0
1,2020-07-24 14,8494.632,24,2.8,75,0,0,0,0
1,2020-07-24 15,8528.976,25.1,3.8,69,0,0,0,0
1,2020-07-24 16,8547.12,26.7,5.4,63,0,0.3,0,0
1,2020-07-24 17,8528.976,26.4,6.6,63,0,0.4,0,0
1,2020-07-24 18,8503.704,25.3,4.5,67,0,0.2,0,0
1,2020-07-24 19,8514.72,25.2,3.6,65,0,0.1,0,0
1,2020-07-24 20,8508.888,24.6,3.7,67,0,0,0,0
1,2020-07-24 21,8523.144,24,3.6,67,0,0,0,0
1,2020-07-24 22,8493.336,23.5,4.5,69,0,0,0,0
1,2020-07-24 23,8457.696,23.1,3,70,0,0,0,0
1,2020-07-25 00,8473.896,22.8,2.9,70,0,0,0,0
1,2020-07-25 01,8450.568,22.6,2.2,71,0,0,0,0
1,2020-07-25 02,8415.576,22.5,2.3,72,0,0,0,0
1,2020-07-25 03,8422.704,22.3,0.5,74,0,0,0,0
1,2020-07-25 04,8414.28,22.4,2,74,0,0,0,0
1,2020-07-25 05,8397.432,22.3,1.1,74,0,0,0,0
1,2020-07-25 06,8383.176,22.4,2.3,74,0,0,0,0
1,2020-07-25 07,8387.064,22.5,2.9,74,0,0,0,0
1,2020-07-25 08,8381.88,22.7,2.8,72,0,0,0,0
1,2020-07-25 09,8404.56,22.9,3.2,74,0,0,0,0
1,2020-07-25 10,8403.912,24,4.6,72,0,0,0,0
1,2020-07-25 11,8454.456,26.1,4.5,66,0,0.2,0,0
1,2020-07-25 12,8490.744,25.9,3.3,66,0,0,0,0
1,2020-07-25 13,8473.896,27,4.2,63,0,0.1,0,0
1,2020-07-25 14,8477.136,28.4,5,59,0,0.4,0,0
1,2020-07-25 15,8510.184,28.1,3.3,61,0,0.3,0,0
1,2020-07-25 16,8508.888,28.7,4,58,0,0.8,0,0
1,2020-07-25 17,8501.112,27.4,4.1,61,0,0,0,0
1,2020-07-25 18,8473.896,26.1,5,64,0,0,0,0
1,2020-07-25 19,8468.712,25.2,3.7,66,0,0.1,0,0
1,2020-07-25 20,8470.008,24.5,3,69,0,0,0,0
1,2020-07-25 21,8472.6,24,1.9,69,0,0,0,0
1,2020-07-25 22,8473.896,23.6,3.5,70,0,0,0,0
1,2020-07-25 23,8476.488,23.1,2.7,72,0,0,0,0
1,2020-07-26 00,8485.56,23,2.6,72,0,0,0,0
1,2020-07-26 01,8467.416,22.6,2.9,73,0,0,0,0
1,2020-07-26 02,8454.456,22.2,2.8,75,0,0,0,0
1,2020-07-26 03,8438.256,21.7,1.7,75,0,0,0,0
1,2020-07-26 04,8423.352,21.8,2.1,76,0,0,0,0
1,2020-07-26 05,8405.208,22,2.5,75,0,0,0,0
1,2020-07-26 06,8386.416,21.7,2.6,78,0,0,0,0
1,2020-07-26 07,8401.968,22,2.6,76,0,0.4,0,0
1,2020-07-26 08,8412.336,24,2.3,70,0,1,0,0
1,2020-07-26 09,8420.76,25.7,3,65,0,1,0,0
1,2020-07-26 10,8389.656,26.9,2.6,61,0,1,0,0
1,2020-07-26 11,8391.6,27.3,1.8,60,0,0.8,0,0
1,2020-07-26 12,8400.672,28.5,2.1,57,0,0.6,0,0
1,2020-07-26 13,8402.616,28.1,1,59,0,0,0,0
1,2020-07-26 14,8431.776,28.3,1.7,57,0,0,0,0
1,2020-07-26 15,8446.032,28.1,1.6,60,0,0,0,0
1,2020-07-26 16,8453.16,29.4,2.4,61,0,0.3,0,0
1,2020-07-26 17,8450.568,28.5,2.4,60,0,0.3,0,0
1,2020-07-26 18,8439.552,27.9,1.8,65,0,0.2,0,0
1,2020-07-26 19,8480.376,26.4,2.4,70,0,0,0,0
1,2020-07-26 20,8473.248,25.8,2,72,0,0,0,0
1,2020-07-26 21,8474.544,25.2,2.4,73,0,0,0,0
1,2020-07-26 22,8471.304,24.9,1.3,75,0,0,0,0
1,2020-07-26 23,8459.64,24.8,1.6,77,0,0,0,0
1,2020-07-27 00,8481.672,24.7,2.1,81,0,0,0,0
1,2020-07-27 01,8485.56,24.2,2,82,0,0,0,0
1,2020-07-27 02,8453.16,23.8,1.6,84,0,0,0,0
1,2020-07-27 03,8433.72,23.7,1.2,85,0,0,0,0
1,2020-07-27 04,8428.536,23.4,2,88,0.3,0,0,0
1,2020-07-27 05,8408.448,23.2,1.6,90,0.3,0,0,0
1,2020-07-27 06,8429.832,23,1.8,90,0,0,0,0
1,2020-07-27 07,8438.256,23,1.4,89,0,0,0,0
1,2020-07-27 08,8442.792,23.4,1.9,89,0,0,0,0
1,2020-07-27 09,8517.96,24.1,1.9,87,0,0,0,0
1,2020-07-27 10,8551.008,24.3,2.8,84,0,0,0,0
1,2020-07-27 11,8563.32,24.3,2.7,88,0.6,0,0,0
1,2020-07-27 12,8560.728,24.8,3,88,0.3,0,0,0
1,2020-07-27 13,8559.432,24.9,2.3,87,0,0,0,0
1,2020-07-27 14,8595.072,25.4,2.5,88,0.6,0,0,0
1,2020-07-27 15,8615.16,25.3,2.7,85,0,0,0,0
1,2020-07-27 16,8615.16,25.5,2.5,81,0.1,0,0,0
1,2020-07-27 17,8604.792,25.3,2.9,81,0,0,0,0
1,2020-07-27 18,8574.984,25.3,2.3,82,0,0,0,0
1,2020-07-27 19,8577.576,24.9,2.2,84,0,0,0,0
1,2020-07-27 20,8549.064,24.5,1.9,85,0,0,0,0
1,2020-07-27 21,8562.024,24.2,2.2,87,0,0,0,0
1,2020-07-27 22,8555.544,23.9,2.2,88,0,0,0,0
1,2020-07-27 23,8531.568,23.7,2.4,88,0,0,0,0
1,2020-07-28 00,8528.328,23.7,1.8,87,0,0,0,0
1,2020-07-28 01,8508.888,23.6,2.2,88,0,0,0,0
1,2020-07-28 02,8466.768,23.4,1.8,89,0,0,0,0
1,2020-07-28 03,8462.232,23.2,1.7,89,0,0,0,0
1,2020-07-28 04,8462.232,23.1,2.6,88,0,0,0,0
1,2020-07-28 05,8398.08,22.9,2.1,88,0,0,0,0
1,2020-07-28 06,8391.6,22.8,1.3,87,0,0,0,0
1,2020-07-28 07,8418.816,23,2.1,86,0,0,0,0
1,2020-07-28 08,8458.992,23.5,2.2,85,0,0,0,0
1,2020-07-28 09,8523.792,23.9,2.4,84,0,0,0,0
1,2020-07-28 10,8518.608,24.5,2.7,83,0.1,0,0,0
1,2020-07-28 11,8525.088,25.1,1.5,80,0,0,0,0
1,2020-07-28 12,8541.288,25.9,2,74,0,0,0,0
1,2020-07-28 13,8549.712,25.9,2.7,72,0,0,0,0
1,2020-07-28 14,8576.928,26.1,2.2,74,0,0,0,0
1,2020-07-28 15,8580.168,26.4,1.8,75,0,0,0,0
1,2020-07-28 16,8576.928,25.9,2,78,0,0,0,0
1,2020-07-28 17,8556.84,25.3,1.4,84,0.2,0,0,0
1,2020-07-28 18,8535.456,24.8,2,87,0.1,0,0,0
1,2020-07-28 19,8557.488,24.4,2.3,89,0,0,0,0
1,2020-07-28 20,8541.288,24.2,2.1,90,0,0,0,0
1,2020-07-28 21,8546.472,24,2.3,91,0,0,0,0
1,2020-07-28 22,8538.696,23.9,2.6,89,0,0,0,0
1,2020-07-28 23,8527.68,23.9,1.9,90,0,0,0,0
1,2020-07-29 00,8539.992,23.9,2.5,91,0,0,0,0
1,2020-07-29 01,8514.072,23.9,2.1,90,0,0,0,0
1,2020-07-29 02,8515.368,23.4,2.6,95,2.5,0,0,0
1,2020-07-29 03,8501.76,23.1,2.3,96,3.4,0,0,0
1,2020-07-29 04,8436.312,23,2.4,96,1.9,0,0,0
1,2020-07-29 05,8431.128,22.9,2.7,96,0.1,0,0,0
1,2020-07-29 06,8434.368,22.7,2.1,94,0,0,0,0
1,2020-07-29 07,8435.016,22.7,2.5,95,0,0,0,0
1,2020-07-29 08,8451.216,22.9,2.1,95,0,0,0,0
1,2020-07-29 09,8525.736,23,2.4,94,0,0,0,0
1,2020-07-29 10,8551.008,22.7,2.4,97,26.9,0,0,0
1,2020-07-29 11,8572.392,22.9,1.8,97,8,0,0,0
1,2020-07-29 12,8600.904,23.1,2.4,97,0,0,0,0
1,2020-07-29 13,8606.736,23.4,2.4,97,0,0,0,0
1,2020-07-29 14,8659.872,23.5,2.8,98,5.2,0,0,0
1,2020-07-29 15,8673.48,23.8,2.2,98,0.8,0,0,0
1,2020-07-29 16,8661.168,24.3,1.7,97,0,0,0,0
1,2020-07-29 17,8673.48,24.6,1.8,96,0.3,0,0,0
1,2020-07-29 18,8634.6,24.9,1.4,96,0.1,0,0,0
1,2020-07-29 19,8637.84,24.7,1.7,95,0,0,0,0
1,2020-07-29 20,8619.048,24.5,1.5,95,0,0,0,0
1,2020-07-29 21,8620.992,24.5,0.9,95,0,0,0,0
1,2020-07-29 22,8615.808,24.5,0.4,94,0,0,0,0
1,2020-07-29 23,8629.416,24.4,1,96,0.8,0,0,0
1,2020-07-30 00,8624.88,24.3,1.1,96,0.1,0,0,0
1,2020-07-30 01,8586,24.2,0.6,96,0,0,0,0
1,2020-07-30 02,8590.536,24.2,1.2,97,0,0,0,0
1,2020-07-30 03,8541.936,24.2,1.4,97,0,0,0,0
1,2020-07-30 04,8528.976,24,1.3,97,0,0,0,0
1,2020-07-30 05,8531.568,24,1.4,97,0.1,0,0,0
1,2020-07-30 06,8510.184,24,1.3,96,0,0,0,0
1,2020-07-30 07,8543.232,24.1,1.5,97,0,0,0,0
1,2020-07-30 08,8551.656,24.7,1.5,96,0,0,0,0
1,2020-07-30 09,8626.824,25,1.7,95,0,0,0,0
1,2020-07-30 10,8652.744,25.7,1.9,90,0,0,0,0
1,2020-07-30 11,8668.296,26.1,2.4,88,0,0,0,0
1,2020-07-30 12,8661.816,26.5,2.7,84,0,0,0,0
1,2020-07-30 13,8657.928,26.8,3.1,80,0,0.1,0,0
1,2020-07-30 14,8665.704,27.9,3.7,73,0,0.7,0,0
1,2020-07-30 15,8622.936,28,2.4,72,0,0.7,0,0
1,2020-07-30 16,8606.088,27.9,3,70,0,0.4,0,0
1,2020-07-30 17,8606.736,27.7,3,71,0,0.5,0,0
1,2020-07-30 18,8577.576,26.9,3.1,72,0,0.1,0,0
1,2020-07-30 19,8580.168,26.5,3,72,0,0.5,0,0
1,2020-07-30 20,8573.04,25.5,2.3,79,0,0,0,0
1,2020-07-30 21,8566.56,24.7,1.9,82,0,0,0,0
1,2020-07-30 22,8568.504,24.2,1.2,83,0,0,0,0
1,2020-07-30 23,8554.248,23.6,2.7,85,0,0,0,0
1,2020-07-31 00,8510.832,23.4,1,86,0,0,0,0
1,2020-07-31 01,8495.928,23.4,1.3,87,0,0,0,0
1,2020-07-31 02,8494.632,23.5,1.7,87,0,0,0,0
1,2020-07-31 03,8481.024,23.5,0.5,88,0,0,0,0
1,2020-07-31 04,8471.952,23.5,1.3,88,0,0,0,0
1,2020-07-31 05,8455.104,23.3,0.1,87,0,0,0,0
1,2020-07-31 06,8460.288,23.1,1.2,87,0,0,0,0
1,2020-07-31 07,8491.392,23,1.8,88,0,0.8,0,0
1,2020-07-31 08,8519.904,24.4,2.2,85,0,1,0,0
1,2020-07-31 09,8572.392,25.8,1.9,79,0,1,0,0
1,2020-07-31 10,8631.36,27.4,1.1,76,0,0.9,0,0
1,2020-07-31 11,8644.32,28.7,1.1,72,0,0.7,0,0
1,2020-07-31 12,8658.576,28.7,3,72,0,0.3,0,0
1,2020-07-31 13,8663.76,29.3,2.4,71,0,0.1,0,0
1,2020-07-31 14,8710.416,29.3,2,71,0,0.1,0,0
1,2020-07-31 15,8726.616,28.9,3.4,73,0,0.1,0,0
1,2020-07-31 16,8736.336,28.4,2.6,75,0,0,0,0
1,2020-07-31 17,8696.808,28.5,3.6,74,0,0,0,0
1,2020-07-31 18,8676.72,27.7,2.8,80,0.3,0,0,0
1,2020-07-31 19,8668.944,27.4,1.8,82,0,0,0,0
1,2020-07-31 20,8689.032,27,2.8,83,0,0,0,0
1,2020-07-31 21,8676.072,26.7,2.2,86,0,0,0,0
1,2020-07-31 22,8674.128,26.5,1.8,87,0,0,0,0
1,2020-07-31 23,8657.28,26.2,2.4,90,0.2,0,0,0
1,2020-08-01 00,8623.584,25,3.4,90,1,0,0,0
1,2020-08-01 01,8591.184,24.6,0.5,90,0.2,0,0,0
1,2020-08-01 02,8582.112,24.6,0.5,91,0,0,0,0
1,2020-08-01 03,8593.776,24.7,1.2,93,0,0,0,0
1,2020-08-01 04,8575.632,24.7,0.8,94,0,0,0,0
1,2020-08-01 05,8567.208,24.5,1.3,94,0,0,0,0
1,2020-08-01 06,8551.656,24.3,1.8,95,1.4,0,0,0
1,2020-08-01 07,8580.816,24.3,1.4,96,0.1,0,0,0
1,2020-08-01 08,8576.28,24.6,1.2,96,0.1,0,0,0
1,2020-08-01 09,8592.48,25,1.1,95,0,0,0,0
1,2020-08-01 10,8631.36,25.7,1.8,95,0.1,0,0,0
1,2020-08-01 11,8620.344,26.8,3.4,85,0,0,0,0
1,2020-08-01 12,8585.352,26.5,1.8,87,0.5,0,0,0
1,2020-08-01 13,8574.984,24.7,0.8,93,19,0,0,0
1,2020-08-01 14,8601.552,25.2,0.8,93,11.6,0,0,0
1,2020-08-01 15,8613.216,25.4,2.2,92,0.3,0,0,0
1,2020-08-01 16,8614.512,25.9,2.5,91,0,0,0,0
1,2020-08-01 17,8618.4,26.3,2.1,90,0,0,0,0
1,2020-08-01 18,8599.608,26.4,2.2,84,0,0,0,0
1,2020-08-01 19,8617.752,26.5,1,85,0,0,0,0
1,2020-08-01 20,8600.904,26.1,4.6,82,0,0,0,0
1,2020-08-01 21,8605.44,25.5,3.4,86,0,0,0,0
1,2020-08-01 22,8608.68,25.3,2.3,87,0,0,0,0
1,2020-08-01 23,8593.128,24.8,1.2,92,2.8,0,0,0
1,2020-08-02 00,8604.144,24.6,2.1,95,3,0,0,0
1,2020-08-02 01,8605.44,24.4,2.5,97,1.3,0,0,0
1,2020-08-02 02,8604.792,24.2,1.6,97,0,0,0,0
1,2020-08-02 03,8581.464,24.1,1.7,97,0.1,0,0,0
1,2020-08-02 04,8554.896,24.1,0.8,97,0.1,0,0,0
1,2020-08-02 05,8541.936,24.1,0.3,98,0.2,0,0,0
1,2020-08-02 06,8518.608,24.2,0.1,98,0.9,0,0,0
1,2020-08-02 07,8539.992,24.4,0.6,98,0.2,0,0,0
1,2020-08-02 08,8481.024,24.6,0,98,0.7,0,0,0
1,2020-08-02 09,8452.512,24.9,1.1,98,0.7,0,0,0
1,2020-08-02 10,8597.016,25.2,0.8,98,0.5,0,0,0
1,2020-08-02 11,8632.008,25.4,0.4,98,1.3,0,0,0
1,2020-08-02 12,8642.376,25.6,1,97,5.5,0,0,0
1,2020-08-02 13,8626.176,25.9,3.9,97,0.5,0,0,0
1,2020-08-02 14,8662.464,25.8,3.7,97,2.9,0,0,0
1,2020-08-02 15,8637.192,26.3,5,95,0,0,0,0
1,2020-08-02 16,8552.952,24.2,3.5,93,12.2,0,0,0
1,2020-08-02 17,8515.368,23.7,2.9,96,3.2,0,0,0
1,2020-08-02 18,8530.272,23.7,2.3,96,0.9,0,0,0
1,2020-08-02 19,8558.784,23.6,1.9,95,0.1,0,0,0
1,2020-08-02 20,8596.368,23.7,1.5,97,0.1,0,0,0
1,2020-08-02 21,8609.976,24.6,3.8,98,0,0,0,0
1,2020-08-02 22,8630.064,25.3,4.4,95,0,0,0,0
1,2020-08-02 23,8640.432,25.9,6.5,92,0,0,0,0
1,2020-08-03 00,8650.8,26.1,5.3,91,0,0,0,0
1,2020-08-03 01,8653.392,26.1,5.9,90,0,0,0,0
1,2020-08-03 02,8620.344,25.9,4.6,92,0.9,0,0,0
1,2020-08-03 03,8587.944,25.3,4.2,97,8.9,0,0,0
1,2020-08-03 04,8597.016,25.1,4.2,97,1.7,0,0,0
1,2020-08-03 05,8574.336,25,3.5,97,8,0,0,0
1,2020-08-03 06,8548.416,24.8,4.1,99,19.8,0,0,0
1,2020-08-03 07,8598.96,24.8,3.7,98,0.3,0,0,0
1,2020-08-03 08,8608.032,25,3.7,98,1.7,0,0,0
1,2020-08-03 09,8678.664,24.9,4.2,98,15.3,0,0,0
1,2020-08-03 10,8694.216,25.1,3.3,99,16.3,0,0,0
1,2020-08-03 11,8676.072,25,3.2,98,0.8,0,0,0
1,2020-08-03 12,8672.184,25,3.3,97,0.2,0,0,0
1,2020-08-03 13,8677.368,25.1,2.2,97,0.2,0,0,0
1,2020-08-03 14,8683.848,25.3,2.5,96,0.5,0,0,0
1,2020-08-03 15,8667.648,25.6,2.3,93,0,0,0,0
1,2020-08-03 16,8692.272,25.4,2.6,92,0,0,0,0
1,2020-08-03 17,8678.016,25.6,2.1,92,0,0,0,0
1,2020-08-03 18,8635.896,25.5,2.8,91,0,0,0,0
1,2020-08-03 19,8617.752,24.5,2,94,6.2,0,0,0
1,2020-08-03 20,8585.352,24,1.4,97,21.6,0,0,0
1,2020-08-03 21,8596.368,24.1,2,97,0,0,0,0
1,2020-08-03 22,8638.488,24.2,0.6,97,0,0,0,0
1,2020-08-03 23,8637.84,24.5,2.1,97,0,0,0,0
1,2020-08-04 00,8646.264,25,2.2,98,0.2,0,0,0
1,2020-08-04 01,8609.328,25.2,2.8,98,0,0,0,0
1,2020-08-04 02,8604.144,25.5,2.3,97,0,0,0,0
1,2020-08-04 03,8605.44,25.7,3.2,96,0,0,0,0
1,2020-08-04 04,8606.088,25.8,2.9,95,0,0,0,0
1,2020-08-04 05,8574.984,25.9,3.7,94,0,0,0,0
1,2020-08-04 06,8593.128,25.9,4.2,94,0,0,0,0
1,2020-08-04 07,8644.32,26,4.3,93,0,0,0,0
1,2020-08-04 08,8640.432,25.9,5,95,1.8,0,0,0
1,2020-08-04 09,8690.328,26.1,4.2,94,0,0,0,0
1,2020-08-04 10,8750.592,26.1,3.4,94,0.2,0,0,0
1,2020-08-04 11,8721.432,26.7,4.8,92,0,0,0,0
1,2020-08-04 12,8741.52,27.3,3.6,90,0,0,0,0
1,2020-08-04 13,8742.168,27.7,4.6,87,0,0,0,0
1,2020-08-04 14,8763.552,28.5,5.3,83,0,0,0,0
1,2020-08-04 15,8751.888,29.3,4.1,79,0,0.4,0,0
1,2020-08-04 16,8748,29.1,3.6,79,0,0,0,0
1,2020-08-04 17,8771.976,28.1,3.9,84,0.5,0,0,0
1,2020-08-04 18,8759.664,27.9,3.6,85,0,0,0,0
1,2020-08-04 19,8743.464,27.9,2.9,83,0,0,0,0
1,2020-08-04 20,8704.584,27.7,2.1,83,0,0,0,0
1,2020-08-04 21,8707.176,27.5,2.6,83,0,0,0,0
1,2020-08-04 22,8709.12,27,2.5,87,0.2,0,0,0
1,2020-08-04 23,8643.024,26.1,2.8,93,1.2,0,0,0
1,2020-08-05 00,8641.728,26,2.4,93,0,0,0,0
1,2020-08-05 01,8674.776,26,1.8,93,0,0,0,0
1,2020-08-05 02,8633.952,26.1,1.2,93,0,0,0,0
1,2020-08-05 03,8601.552,26.1,1,92,0,0,0,0
1,2020-08-05 04,8598.96,26,0.6,93,0,0,0,0
1,2020-08-05 05,8580.816,25.9,1.4,93,0,0,0,0
1,2020-08-05 06,8565.264,26.2,1.3,91,0,0,0,0
1,2020-08-05 07,8602.848,26.3,2.4,91,0,0,0,0
1,2020-08-05 08,8602.2,26,2.7,92,1.7,0,0,0
1,2020-08-05 09,8650.152,26,2.2,93,0.3,0,0,0
1,2020-08-05 10,8667,26.1,2.7,93,0.2,0,0,0
1,2020-08-05 11,8678.016,26.1,1.9,93,0.8,0,0,0
1,2020-08-05 12,8710.416,26.6,2,92,0.2,0,0,0
1,2020-08-05 13,8731.8,27.1,1.2,92,0.3,0,0,0
1,2020-08-05 14,8766.144,27.7,1.4,91,0,0,0,0
1,2020-08-05 15,8779.104,28.4,2,88,0,0,0,0
1,2020-08-05 16,8746.704,28.7,3.8,84,0,0,0,0
1,2020-08-05 17,8759.664,28,3.9,83,0,0,0,0
1,2020-08-05 18,8771.328,27.2,1.5,90,2,0,0,0
1,2020-08-05 19,8761.608,27,2.8,92,0.3,0.1,0,0
1,2020-08-05 20,8721.432,26.5,1.8,94,0.3,0,0,0
1,2020-08-05 21,8675.424,26.1,2.2,95,0.7,0,0,0
1,2020-08-05 22,8674.776,25.9,2.1,95,0,0,0,0
1,2020-08-05 23,8655.984,25.9,1.9,93,0,0,0,0
1,2020-08-06 00,8634.6,25.5,1.6,96,11.7,0,0,0
1,2020-08-06 01,8629.416,25.2,1.5,97,6.1,0,0,0
1,2020-08-06 02,8622.936,25,2.8,97,6.3,0,0,0
1,2020-08-06 03,8600.256,24.9,5.7,96,6,0,0,0
1,2020-08-06 04,8543.232,24.7,4,97,5,0,0,0
1,2020-08-06 05,8532.216,24.6,4,98,17.9,0,0,0
1,2020-08-06 06,8507.592,23.8,5.1,98,15.7,0,0,0
1,2020-08-06 07,8530.272,23.3,5.3,99,15.5,0,0,0
1,2020-08-06 08,8523.792,23.3,5.1,100,2,0,0,0
1,2020-08-06 09,8592.48,23.3,4.8,100,0.7,0,0,0
1,2020-08-06 10,8620.992,23.5,4.5,100,0,0,0,0
1,2020-08-06 11,8612.568,23.6,5.4,99,0.5,0,0,0
1,2020-08-06 12,8567.208,23.9,5.1,95,0,0.1,0,0
1,2020-08-06 13,8573.688,24.1,4.1,90,0,0,0,0
1,2020-08-06 14,8605.44,24.1,3.3,91,0,0,0,0
1,2020-08-06 15,8613.864,24.4,2.7,91,0,0,0,0
1,2020-08-06 16,8615.808,25.3,2.8,88,0,0,0,0
1,2020-08-06 17,8600.904,26,2.3,85,0,0.1,0,0
1,2020-08-06 18,8578.872,25.6,2.8,84,0,0,0,0
1,2020-08-06 19,8590.536,24.9,2.7,85,0,0,0,0
1,2020-08-06 20,8576.928,24.4,1.9,87,0,0,0,0
1,2020-08-06 21,8561.376,23.9,1.9,89,0,0,0,0
1,2020-08-06 22,8536.104,23.5,1.8,89,0,0,0,0
1,2020-08-06 23,8511.48,23.2,3,88,0,0,0,0
1,2020-08-07 00,8508.24,22.9,1,89,0,0,0,0
1,2020-08-07 01,8519.904,22.8,0.8,91,0,0,0,0
1,2020-08-07 02,8502.408,22.8,2.2,92,0,0,0,0
1,2020-08-07 03,8470.656,22.7,2,92,0,0,0,0
1,2020-08-07 04,8452.512,22.7,1.3,92,0,0,0,0
1,2020-08-07 05,8437.608,22.7,0.4,92,0,0,0,0
1,2020-08-07 06,8412.984,22.7,1.6,92,0,0,0,0
1,2020-08-07 07,8464.824,22.6,1.8,94,0,0,0,0
1,2020-08-07 08,8486.208,22.8,1.6,94,0,0,0,0
1,2020-08-07 09,8532.216,23.3,2,93,0,0,0,0
1,2020-08-07 10,8589.24,23.7,2.1,90,0,0,0,0
1,2020-08-07 11,8628.12,24.1,1,88,0,0,0,0
1,2020-08-07 12,8632.008,24.7,2,87,0,0,0,0
1,2020-08-07 13,8652.744,25.8,1.9,82,0,0,0,0
1,2020-08-07 14,8664.408,25.6,2.5,82,0,0,0,0
1,2020-08-07 15,8639.784,25.7,2,82,0,0,0,0
1,2020-08-07 16,8624.232,26.1,1.4,77,0,0,0,0
1,2020-08-07 17,8602.848,25.9,2.4,75,0,0,0,0
1,2020-08-07 18,8576.28,25.8,3.3,72,0,0,0,0
1,2020-08-07 19,8603.496,25.5,1.6,76,0,0,0,0
1,2020-08-07 20,8602.2,25.4,1.1,79,0,0,0,0
1,2020-08-07 21,8591.832,25.2,2.2,80,0,0,0,0
1,2020-08-07 22,8595.72,24.8,3.1,81,0,0,0,0
1,2020-08-07 23,8552.304,24.4,1.8,82,0,0,0,0
1,2020-08-08 00,8562.024,23.9,2.2,84,0,0,0,0
1,2020-08-08 01,8552.952,23.5,1.9,86,0,0,0,0
1,2020-08-08 02,8539.992,23.3,2.3,88,0,0,0,0
1,2020-08-08 03,8532.216,23.1,2.5,90,0,0,0,0
1,2020-08-08 04,8512.776,22.9,1.4,90,0,0,0,0
1,2020-08-08 05,8475.192,22.7,1.9,92,0,0,0,0
1,2020-08-08 06,8459.64,22.8,2.5,92,0,0,0,0
1,2020-08-08 07,8481.024,23.1,1.6,91,0,0.5,0,0
1,2020-08-08 08,8486.856,24.6,2.5,85,0,0.8,0,0
1,2020-08-08 09,8489.448,25,2.8,82,0,0.4,0,0
1,2020-08-08 10,8514.072,25.2,2.1,79,0,0,0,0
1,2020-08-08 11,8516.664,25.4,2.5,77,0,0,0,0
1,2020-08-08 12,8522.496,24.8,1.4,85,1.7,0,0,0
1,2020-08-08 13,8527.68,24.5,2.2,91,0.8,0,0,0
1,2020-08-08 14,8535.456,24.7,2.5,90,0,0,0,0
1,2020-08-08 15,8583.408,25,1.9,89,0,0,0,0
1,2020-08-08 16,8611.92,25.1,2.8,86,0,0,0,0
1,2020-08-08 17,8620.344,26,2.8,82,0,0.1,0,0
1,2020-08-08 18,8607.384,25.4,2.4,85,0,0,0,0
1,2020-08-08 19,8587.296,24.9,2.5,88,0,0,0,0
1,2020-08-08 20,8564.616,24.3,2.8,92,0.5,0,0,0
1,2020-08-08 21,8572.392,24,2.4,95,4.6,0,0,0
1,2020-08-08 22,8606.736,23.8,2.2,97,4.8,0,0,0
1,2020-08-08 23,8583.408,23.7,1.4,97,4.7,0,0,0
1,2020-08-09 00,8603.496,23.7,1.3,98,2,0,0,0
1,2020-08-09 01,8611.92,23.9,1.2,97,0,0,0,0
1,2020-08-09 02,8598.96,24.2,0.9,98,0,0,0,0
1,2020-08-09 03,8586.648,24.4,1,98,1.3,0,0,0
1,2020-08-09 04,8589.24,24.4,0.7,98,0.2,0,0,0
1,2020-08-09 05,8550.36,24.6,2.7,98,0.4,0,0,0
1,2020-08-09 06,8528.976,24.5,0.4,98,1.2,0,0,0
1,2020-08-09 07,8556.192,24.6,0.9,98,0.7,0,0,0
1,2020-08-09 08,8521.848,24.7,3.2,99,1.8,0,0,0
1,2020-08-09 09,8516.664,24.6,2.1,98,6.4,0,0,0
1,2020-08-09 10,8554.248,24.9,2.6,99,1.3,0,0,0
1,2020-08-09 11,8549.064,25,5.2,98,2,0,0,0
1,2020-08-09 12,8541.936,25,3.7,98,7.2,0,0,0
1,2020-08-09 13,8557.488,24.9,6,98,8,0,0,0
1,2020-08-09 14,8559.432,24.6,4.4,97,7.8,0,0,0
1,2020-08-09 15,8581.464,24.7,4.6,97,8.9,0,0,0
1,2020-08-09 16,8586,25.2,4.3,94,0.1,0,0,0
1,2020-08-09 17,8559.432,24.8,4.9,95,1.8,0,0,0
1,2020-08-09 18,8576.28,24.8,2.6,95,0.1,0,0,0
1,2020-08-09 19,8596.368,24.8,2.7,96,1.1,0,0,0
1,2020-08-09 20,8582.76,25.2,2.4,93,0,0,0,0
1,2020-08-09 21,8596.368,25.4,1.8,89,0,0,0,0
1,2020-08-09 22,8626.824,25.4,1.6,90,0,0,0,0
1,2020-08-09 23,8620.992,25.7,1.8,90,0,0,0,0
1,2020-08-10 00,8614.512,25.7,1.9,90,0,0,0,0
1,2020-08-10 01,8613.216,25.8,2.3,90,0,0,0,0
1,2020-08-10 02,8593.128,26.1,3.2,88,0,0,0,0
1,2020-08-10 03,8571.744,26.1,3.3,88,0,0,0,0
1,2020-08-10 04,8566.56,25.3,3,93,0.9,0,0,0
1,2020-08-10 05,8542.584,25.2,1.6,93,0.1,0,0,0
1,2020-08-10 06,8543.232,25.4,2.3,93,0,0,0,0
1,2020-08-10 07,8585.352,25.4,2.1,94,0.1,0,0,0
1,2020-08-10 08,8605.44,25.4,1.9,96,0.7,0,0,0
1,2020-08-10 09,8681.256,25.6,0.7,97,1.5,0,0,0
1,2020-08-10 10,8699.4,26.2,0.7,97,0.1,0,0,0
1,2020-08-10 11,8734.392,27.7,2.8,92,0,0.1,0,0
1,2020-08-10 12,8733.744,29,3.6,81,0,0.1,0,0
1,2020-08-10 13,8758.368,29.3,1.9,79,0,0,0,0
1,2020-08-10 14,8789.472,29.3,2.2,82,0,0,0,0
1,2020-08-10 15,8766.792,28.6,1.7,88,0,0,0,0
1,2020-08-10 16,8781.696,27.6,1.9,89,0.8,0,0,0
1,2020-08-10 17,8739.576,26.7,1.3,94,28.6,0,0,0
1,2020-08-10 18,8693.568,26.7,1.8,95,0.2,0,0,0
1,2020-08-10 19,8693.568,26.4,2.1,95,0.2,0,0,0
1,2020-08-10 20,8668.296,26.3,1.4,95,0,0,0,0
1,2020-08-10 21,8661.168,26.2,0.5,95,0,0,0,0
1,2020-08-10 22,8675.424,26.1,1.7,95,0,0,0,0
1,2020-08-10 23,8629.416,25.8,1.7,96,1.6,0,0,0
1,2020-08-11 00,8617.752,24.7,3.6,96,9.8,0,0,0
1,2020-08-11 01,8612.568,24.5,1,97,6.2,0,0,0
1,2020-08-11 02,8585.352,24.6,1.1,98,4.3,0,0,0
1,2020-08-11 03,8596.368,24.4,3.5,98,7.8,0,0,0
1,2020-08-11 04,8571.096,24.3,3.3,99,2.6,0,0,0
1,2020-08-11 05,8458.344,23,4.3,97,18.2,0,0,0
1,2020-08-11 06,8446.68,22.6,1.9,98,19.4,0,0,0
1,2020-08-11 07,8493.984,22.5,1.9,99,21.8,0,0,0
1,2020-08-11 08,8510.184,22.7,1.6,99,14.4,0,0,0
1,2020-08-11 09,8582.112,22.9,0.8,100,2,0,0,0
1,2020-08-11 10,8628.768,23.7,0.6,99,0.3,0,0,0
1,2020-08-11 11,8646.912,24.1,3,98,0,0,0,0
1,2020-08-11 12,8641.728,24.5,3.6,96,0,0,0,0
1,2020-08-11 13,8653.392,25.9,3.1,90,0,0,0,0
1,2020-08-11 14,8666.352,27,3.6,80,0,0.5,0,0
1,2020-08-11 15,8675.424,26.4,3.1,83,0,0,0,0
1,2020-08-11 16,8676.072,26.3,3.4,83,0,0,0,0
1,2020-08-11 17,8654.688,26.2,2.8,84,0,0,0,0
1,2020-08-11 18,8622.936,26.1,1.5,86,0,0,0,0
1,2020-08-11 19,8634.6,25.9,1.7,86,0,0,0,0
1,2020-08-11 20,8605.44,25.7,2.8,88,0,0,0,0
1,2020-08-11 21,8608.68,25.4,1.2,88,0,0,0,0
1,2020-08-11 22,8634.6,25.4,0.8,88,0,0,0,0
1,2020-08-11 23,8611.272,24.9,1.2,90,0,0,0,0
1,2020-08-12 00,8583.408,24.6,1.8,91,0,0,0,0
1,2020-08-12 01,8596.368,24.3,1.5,92,0,0,0,0
1,2020-08-12 02,8560.728,24.1,1.3,93,0,0,0,0
1,2020-08-12 03,8552.952,23.8,1.3,94,0,0,0,0
1,2020-08-12 04,8554.248,23.6,2.1,95,0,0,0,0
1,2020-08-12 05,8530.272,23.6,1.4,96,0,0,0,0
1,2020-08-12 06,8531.568,23.7,1.8,96,0,0,0,0
1,2020-08-12 07,8565.264,24,1.6,96,0,0.1,0,0
1,2020-08-12 08,8597.016,24.8,1.8,93,0,0.4,0,0
1,2020-08-12 09,8700.048,25.7,1.6,89,0,0.1,0,0
1,2020-08-12 10,8704.584,26.7,2,87,0,0.1,0,0
1,2020-08-12 11,8710.416,27.6,2.1,83,0,0,0,0
1,2020-08-12 12,8759.016,28.2,1.7,82,0,0,0,0
1,2020-08-12 13,8774.568,29.6,0.9,76,0,0.2,0,0
1,2020-08-12 14,8799.84,31.2,2.3,71,0,0.8,0,0
1,2020-08-12 15,8816.04,30.9,2.6,69,0,0.3,0,0
1,2020-08-12 16,8827.704,30.5,2.4,71,0,0,0,0
1,2020-08-12 17,8796.6,30.5,2.3,71,0,0.1,0,0
1,2020-08-12 18,8760.96,30.1,2.2,72,0,0,0,0
1,2020-08-12 19,8767.44,29.3,2.7,82,0,0,0,0
1,2020-08-12 20,8754.48,28.8,2.1,82,0,0,0,0
1,2020-08-12 21,8764.848,28.3,3,83,0,0,0,0
1,2020-08-12 22,8729.856,28,2,85,0,0,0,0
1,2020-08-12 23,8697.456,27.6,2.2,85,0,0,0,0
1,2020-08-13 00,8678.016,27.2,2.3,86,0,0,0,0
1,2020-08-13 01,8670.888,26.9,2.3,86,0,0,0,0
1,2020-08-13 02,8661.816,26.7,1.1,87,0,0,0,0
1,2020-08-13 03,8635.248,26.6,1.4,88,0,0,0,0
1,2020-08-13 04,8628.12,26.5,1.4,88,0,0,0,0
1,2020-08-13 05,8607.384,26.4,1.7,88,0,0,0,0
1,2020-08-13 06,8574.984,26.3,0.9,88,0,0,0,0
1,2020-08-13 07,8641.08,26.5,1.2,87,0,0,0,0
1,2020-08-13 08,8635.896,27,2,85,0,0,0,0
1,2020-08-13 09,8663.112,27.4,2.8,83,0,0,0,0
1,2020-08-13 10,8701.992,28.2,2,81,0,0.1,0,0
1,2020-08-13 11,8749.944,28.6,2.3,78,0,0.1,0,0
1,2020-08-13 12,8752.536,28.7,3.5,78,0,0,0,0
1,2020-08-13 13,8768.088,29.1,3.7,78,0,0,0,0
1,2020-08-13 14,8790.768,29.6,3,77,0,0,0,0
1,2020-08-13 15,8800.488,29.5,3,77,0,0,0,0
1,2020-08-13 16,8781.696,30.3,3.4,75,0,0,0,0
1,2020-08-13 17,8780.4,30.1,2.4,74,0,0,0,0
1,2020-08-13 18,8768.736,29.7,3.5,77,0,0,0,0
1,2020-08-13 19,8750.592,28.9,3.3,81,0,0,0,0
1,2020-08-13 20,8753.832,28.6,3.5,81,0,0,0,0
1,2020-08-13 21,8710.416,28.2,3.6,82,0,0,0,0
1,2020-08-13 22,8741.52,27.9,2.3,84,0,0,0,0
1,2020-08-13 23,8707.824,27.6,4.2,85,0,0,0,0
1,2020-08-14 00,8692.92,27.4,3.6,86,0,0,0,0
1,2020-08-14 01,8684.496,27.1,3.7,86,0,0,0,0
1,2020-08-14 02,8684.496,27,3.8,86,0,0,0,0
1,2020-08-14 03,8647.56,27,3.3,86,0,0,0,0
1,2020-08-14 04,8635.896,26.8,3.7,86,0,0,0,0
1,2020-08-14 05,8644.968,26.7,2.9,86,0,0,0,0
1,2020-08-14 06,8632.008,26.7,3.1,85,0,0,0,0
1,2020-08-14 07,8643.672,26.7,5,86,0,0,0,0
1,2020-08-14 08,8669.592,26.8,4.2,87,0.2,0,0,0
1,2020-08-14 09,8711.064,26.7,3.8,88,0.2,0,0,0
1,2020-08-14 10,8780.4,27,3.4,89,0,0,0,0
1,2020-08-14 11,8784.288,27.5,3.3,88,0,0,0,0
1,2020-08-14 12,8764.2,28,4.1,86,0,0,0,0
1,2020-08-14 13,8755.776,27.6,5.3,86,0,0,0,0
1,2020-08-14 14,8790.768,27.7,4.2,85,0,0,0,0
1,2020-08-14 15,8785.584,27.8,3.6,84,0,0,0,0
1,2020-08-14 16,8766.144,27.9,2.9,82,0,0,0,0
1,2020-08-14 17,8747.352,27.7,4,83,0,0,0,0
1,2020-08-14 18,8704.584,27.4,3.4,82,0,0,0,0
1,2020-08-14 19,8699.4,27.4,2,85,0,0,0,0
1,2020-08-14 20,8722.728,27.2,3.3,85,0,0,0,0
1,2020-08-14 21,8741.52,27,1.9,86,0,0,0,0
1,2020-08-14 22,8724.024,27.1,2.7,89,0,0,0,0
1,2020-08-14 23,8711.064,27,2.3,89,0,0,0,0
1,2020-08-15 00,8718.192,26.5,2.8,92,0,0,0,0
1,2020-08-15 01,8694.216,26.5,2.3,92,0,0,0,0
1,2020-08-15 02,8705.232,26.3,2.6,93,0,0,0,0
1,2020-08-15 03,8701.344,25.8,3.5,96,10.8,0,0,0
1,2020-08-15 04,8658.576,25.8,2.6,96,0.5,0,0,0
1,2020-08-15 05,8613.216,25.7,2.2,96,0,0,0,0
1,2020-08-15 06,8576.928,25.6,2.1,97,2.7,0,0,0
1,2020-08-15 07,8594.424,25.3,4.6,97,22.8,0,0,0
1,2020-08-15 08,8580.168,25,2,98,4.9,0,0,0
1,2020-08-15 09,8611.92,25.1,2.1,98,2.5,0,0,0
1,2020-08-15 10,8644.32,25.3,2.2,98,1.6,0,0,0
1,2020-08-15 11,8671.536,25.7,1.9,97,0.2,0,0,0
1,2020-08-15 12,8694.864,25.8,2.5,96,0,0,0,0
1,2020-08-15 13,8672.832,26,1.9,96,4.3,0,0,0
1,2020-08-15 14,8700.048,26.1,2.1,96,16.8,0,0,0
1,2020-08-15 15,8697.456,26.2,1.6,97,0.1,0,0,0
1,2020-08-15 16,8725.32,26.7,1.5,96,0.5,0,0,0
1,2020-08-15 17,8731.8,26.7,1.7,96,1,0,0,0
1,2020-08-15 18,8757.72,26.9,0.8,95,0.3,0,0,0
1,2020-08-15 19,8739.576,26.8,0.9,94,0,0,0,0
1,2020-08-15 20,8749.296,26.7,1.1,95,0,0,0,0
1,2020-08-15 21,8746.704,26.7,1.1,95,0,0,0,0
1,2020-08-15 22,8733.744,26.6,1.1,94,0,0,0,0
1,2020-08-15 23,8701.344,26.6,0.1,95,0,0,0,0
1,2020-08-16 00,8706.528,26.5,1.2,94,0,0,0,0
1,2020-08-16 01,8680.608,26.2,1.7,94,0,0,0,0
1,2020-08-16 02,8661.816,25.9,2.5,93,0,0,0,0
1,2020-08-16 03,8632.656,25.6,3.4,91,0,0,0,0
1,2020-08-16 04,8600.904,25.5,2.7,91,0,0,0,0
1,2020-08-16 05,8563.968,25.4,3.1,90,0,0,0,0
1,2020-08-16 06,8573.688,25.3,2.7,89,0,0,0,0
1,2020-08-16 07,8592.48,25.4,2.5,89,0,0,0,0
1,2020-08-16 08,8588.592,25.8,3.3,89,0,0,0,0
1,2020-08-16 09,8577.576,26,3.1,88,0,0,0,0
1,2020-08-16 10,8605.44,26.5,1.7,88,0,0,0,0
1,2020-08-16 11,8653.392,27.6,3.1,84,0,0.1,0,0
1,2020-08-16 12,8691.624,29,3.6,77,0,0.3,0,0
1,2020-08-16 13,8710.416,30.1,4,72,0,0.3,0,0
1,2020-08-16 14,8717.544,30.5,4.3,70,0,0.5,0,0
1,2020-08-16 15,8730.504,30.6,4.6,68,0,0.6,0,0
1,2020-08-16 16,8733.744,30.3,2.9,68,0,0.3,0,0
1,2020-08-16 17,8724.672,29.6,3.7,73,0,0.2,0,0
1,2020-08-16 18,8692.272,28.7,2.8,77,0,0.1,0,0
1,2020-08-16 19,8690.976,28,2.5,78,0,0,0,0
1,2020-08-16 20,8695.512,27.6,2.9,81,0,0,0,0
1,2020-08-16 21,8691.624,27.2,2.9,84,0,0,0,0
1,2020-08-16 22,8715.6,27,3.2,86,0,0,0,0
1,2020-08-16 23,8697.456,26.9,3.3,86,0,0,0,0
1,2020-08-17 00,8656.632,26.8,2.5,87,0,0,0,0
1,2020-08-17 01,8624.88,26.6,2.8,86,0,0,0,0
1,2020-08-17 02,8626.176,26.5,3,87,0,0,0,0
1,2020-08-17 03,8626.176,26.4,2.3,88,0,0,0,0
1,2020-08-17 04,8617.752,26.3,1.7,88,0,0,0,0
1,2020-08-17 05,8587.944,26.1,2.6,87,0,0,0,0
1,2020-08-17 06,8565.912,26.1,2,86,0,0,0,0
1,2020-08-17 07,8571.096,26.1,1.7,86,0,0,0,0
1,2020-08-17 08,8624.88,26.4,1.9,86,0,0,0,0
1,2020-08-17 09,8629.416,26.9,1.7,83,0,0,0,0
1,2020-08-17 10,8643.024,27.7,1.4,80,0,0.1,0,0
1,2020-08-17 11,8646.912,29.3,2.6,73,0,0.6,0,0
1,2020-08-17 12,8653.392,30.1,2.5,69,0,0.5,0,0
1,2020-08-17 13,8711.064,31.2,3.5,61,0,0.9,0,0
1,2020-08-17 14,8732.448,31.4,2.6,62,0,0.5,0,0
1,2020-08-17 15,8750.592,31.6,2.7,63,0,0.5,0,0
1,2020-08-17 16,8770.68,32.1,2.6,63,0,0.8,0,0
1,2020-08-17 17,8757.72,31.1,3.5,66,0,0.4,0,0
1,2020-08-17 18,8735.04,30.5,3.7,70,0,0.6,0,0
1,2020-08-17 19,8734.392,29.5,2.2,73,0,0.9,0,0
1,2020-08-17 20,8685.144,28.1,2.8,78,0,0,0,0
1,2020-08-17 21,8670.888,27.6,2.3,80,0,0,0,0
1,2020-08-17 22,8681.256,27.1,1.2,81,0,0,0,0
1,2020-08-17 23,8688.384,26.7,1,83,0,0,0,0
1,2020-08-18 00,8690.976,26.2,0.9,84,0,0,0,0
1,2020-08-18 01,8672.184,25.7,0.9,86,0,0,0,0
1,2020-08-18 02,8645.616,25.4,0.6,88,0,0,0,0
1,2020-08-18 03,8583.408,25,0.4,89,0,0,0,0
1,2020-08-18 04,8562.672,24.8,0.6,90,0,0,0,0
1,2020-08-18 05,8549.064,24.5,0.7,92,0,0,0,0
1,2020-08-18 06,8557.488,24.1,1.3,91,0,0,0,0
1,2020-08-18 07,8584.056,24.2,0.6,92,0,0.5,0,0
1,2020-08-18 08,8617.104,25.4,0.9,89,0,0.4,0,0
1,2020-08-18 09,8683.848,26.3,1.4,83,0,0.2,0,0
1,2020-08-18 10,8683.2,27.1,1.3,80,0,0,0,0
1,2020-08-18 11,8727.264,27.9,1.5,78,0,0.1,0,0
1,2020-08-18 12,8718.84,29,2.4,74,0,0.4,0,0
1,2020-08-18 13,8727.912,30.1,2.4,71,0,0.5,0,0
1,2020-08-18 14,8753.184,30.9,2.4,65,0,0.9,0,0
1,2020-08-18 15,8748.648,31.3,1.9,62,0,1,0,0
1,2020-08-18 16,8746.704,31.9,2.4,60,0,1,0,0
1,2020-08-18 17,8718.84,31.7,2.7,60,0,1,0,0
1,2020-08-18 18,8661.168,31,3.3,56,0,1,0,0
1,2020-08-18 19,8687.088,29.7,2.5,64,0,0.9,0,0
1,2020-08-18 20,8674.128,28.3,1.5,70,0,0,0,0
1,2020-08-18 21,8642.376,27.5,1.4,73,0,0,0,0
1,2020-08-18 22,8665.056,26.8,1.2,75,0,0,0,0
1,2020-08-18 23,8654.688,26.2,1.8,80,0,0,0,0
1,2020-08-19 00,8633.952,25.8,2,82,0,0,0,0
1,2020-08-19 01,8612.568,25.2,1.4,83,0,0,0,0
1,2020-08-19 02,8600.904,24.8,1.6,85,0,0,0,0
1,2020-08-19 03,8595.072,24.3,1.5,86,0,0,0,0
1,2020-08-19 04,8573.688,24,1.2,87,0,0,0,0
1,2020-08-19 05,8557.488,23.7,1.1,88,0,0,0,0
1,2020-08-19 06,8530.92,23.7,0.4,90,0,0,0,0
1,2020-08-19 07,8540.64,24,0.8,90,0,0,0,0
1,2020-08-19 08,8567.208,25,0.9,84,0,0.6,0,0
1,2020-08-19 09,8640.432,25.8,1.7,81,0,0.5,0,0
1,2020-08-19 10,8673.48,27.5,1.9,74,0,0.8,0,0
1,2020-08-19 11,8711.712,29.1,1.6,70,0,1,0,0
1,2020-08-19 12,8757.72,29.9,2.4,66,0,0.7,0,0
1,2020-08-19 13,8744.76,30.3,2.7,65,0,0.7,0,0
1,2020-08-19 14,8770.68,31.1,3.8,64,0,0.7,0,0
1,2020-08-19 15,8797.896,31,3.3,62,0,0.8,0,0
1,2020-08-19 16,8795.304,31,3.7,61,0,0.9,0,0
1,2020-08-19 17,8742.816,30.4,3.6,63,0,0.8,0,0
1,2020-08-19 18,8725.32,29.9,2.9,63,0,1,0,0
1,2020-08-19 19,8701.992,28.7,2.6,69,0,0.9,0,0
1,2020-08-19 20,8722.728,27.6,2.3,75,0,0,0,0
1,2020-08-19 21,8740.872,26.7,2.5,80,0,0,0,0
1,2020-08-19 22,8735.04,26.2,2.3,84,0,0,0,0
1,2020-08-19 23,8701.992,25.8,1.4,85,0,0,0,0
1,2020-08-20 00,8706.528,25.5,1.3,86,0,0,0,0
1,2020-08-20 01,8665.704,25.3,1.2,86,0,0,0,0
1,2020-08-20 02,8650.8,25.1,0.5,86,0,0,0,0
1,2020-08-20 03,8649.504,25.1,1.1,87,0,0,0,0
1,2020-08-20 04,8629.416,25,1.2,88,0,0,0,0
1,2020-08-20 05,8592.48,25.2,0.9,89,0,0,0,0
1,2020-08-20 06,8582.112,25.1,0.8,90,0,0,0,0
1,2020-08-20 07,8599.608,25.2,1.1,89,0,0,0,0
1,2020-08-20 08,8602.2,25.7,0.4,87,0,0,0,0
1,2020-08-20 09,8649.504,26.4,0.6,80,0,0,0,0
1,2020-08-20 10,8665.056,27.8,1.1,75,0,0.3,0,0
1,2020-08-20 11,8672.184,29,0.8,73,0,0.4,0,0
1,2020-08-20 12,8714.304,30.6,1.9,63,0,0.9,0,0
1,2020-08-20 13,8738.928,31.3,1.6,60,0,0.8,0,0
1,2020-08-20 14,8788.824,31.6,2.1,60,0,0.3,0,0
1,2020-08-20 15,8795.952,31.5,1.6,60,0,0,0,0
1,2020-08-20 16,8786.232,30.9,2.9,68,0,0,0,0
1,2020-08-20 17,8757.072,30.6,2.7,70,0,0.4,0,0
1,2020-08-20 18,8711.712,29.7,2.8,70,0,0,0,0
1,2020-08-20 19,8678.016,28.2,3.3,70,0,0,0,0
1,2020-08-20 20,8662.464,27.2,3.6,75,0,0,0,0
1,2020-08-20 21,8643.024,26.8,3,77,0,0,0,0
1,2020-08-20 22,8676.72,26.3,2.7,81,0,0,0,0
1,2020-08-20 23,8663.76,26.2,2.3,81,0,0,0,0
1,2020-08-21 00,8673.48,26,0.7,81,0,0,0,0
1,2020-08-21 01,8642.376,25.7,0.8,82,0,0,0,0
1,2020-08-21 02,8630.712,25.6,1.1,84,0,0,0,0
1,2020-08-21 03,8619.696,25.4,0.5,85,0,0,0,0
1,2020-08-21 04,8596.368,25.4,0.8,85,0,0,0,0
1,2020-08-21 05,8558.784,25.4,1.2,86,0,0,0,0
1,2020-08-21 06,8564.616,25.2,0.8,86,0,0,0,0
1,2020-08-21 07,8586,25.4,1.3,85,0,0,0,0
1,2020-08-21 08,8604.792,26,1.1,84,0,0,0,0
1,2020-08-21 09,8687.088,26.7,2,82,0,0,0,0
1,2020-08-21 10,8710.416,26.5,2.1,84,0,0,0,0
1,2020-08-21 11,8716.248,27.5,1.7,80,0,0,0,0
1,2020-08-21 12,8764.848,27.6,0.5,81,0.4,0,0,0
1,2020-08-21 13,8738.928,26.4,2.1,90,2.1,0,0,0
1,2020-08-21 14,8790.12,27.8,2.5,84,0,0.4,0,0
1,2020-08-21 15,8819.28,28.5,1.8,82,0,0.1,0,0
1,2020-08-21 16,8790.12,29,1.7,77,0,0.2,0,0
1,2020-08-21 17,8742.816,28.9,1.5,76,0,0.1,0,0
1,2020-08-21 18,8720.784,28.3,2.3,79,0,0,0,0
1,2020-08-21 19,8713.656,27.2,2.5,81,0,0,0,0
1,2020-08-21 20,8701.344,26.6,2.2,83,0,0,0,0
1,2020-08-21 21,8700.048,26.2,2,83,0,0,0,0
1,2020-08-21 22,8683.848,25.9,1.6,84,0,0,0,0
1,2020-08-21 23,8648.856,25.4,2.3,86,0,0,0,0
1,2020-08-22 00,8646.264,25.2,1.9,87,0,0,0,0
1,2020-08-22 01,8637.192,25,2,86,0,0,0,0
1,2020-08-22 02,8616.456,25,1.4,86,0,0,0,0
1,2020-08-22 03,8592.48,24.7,1.8,86,0,0,0,0
1,2020-08-22 04,8570.448,24.4,1.7,87,0,0,0,0
1,2020-08-22 05,8549.712,24.3,2.1,87,0,0,0,0
1,2020-08-22 06,8528.976,24.2,2.5,84,0,0,0,0
1,2020-08-22 07,8548.416,24.3,1.8,85,0,0,0,0
1,2020-08-22 08,8578.872,25,1.8,84,0,0,0,0
1,2020-08-22 09,8598.96,25.5,2.5,83,0,0,0,0
1,2020-08-22 10,8635.896,25.9,2.4,83,0,0,0,0
1,2020-08-22 11,8685.144,27,1.4,80,0,0,0,0
1,2020-08-22 12,8705.232,27.5,1.7,79,0,0,0,0
1,2020-08-22 13,8652.096,23.9,5.5,86,22.3,0,0,0
1,2020-08-22 14,8593.776,25,1.9,89,0.7,0.1,0,0
1,2020-08-22 15,8539.992,23.5,3.3,89,2.7,0,0,0
1,2020-08-22 16,8564.616,23.2,2.1,93,5.1,0,0,0
1,2020-08-22 17,8591.832,24.2,1.6,91,0.5,0.3,0,0
1,2020-08-22 18,8606.484,24.3,1.7,89,0,0.2,0,0
1,2020-08-22 19,8616.456,23.7,1.5,93,7.5,0,0,0
1,2020-08-22 20,8573.04,23.1,2.6,94,3.8,0,0,0
1,2020-08-22 21,8568.504,22.6,1.6,94,0,0,0,0
1,2020-08-22 22,8565.912,22.2,2.4,94,0,0,0,0
1,2020-08-22 23,8566.56,21.9,2.5,95,0,0,0,0
1,2020-08-23 00,8551.008,21.7,2.1,95,0,0,0,0
1,2020-08-23 01,8519.256,21.6,1.5,94,0,0,0,0
1,2020-08-23 02,8521.848,21.7,1,94,0,0,0,0
1,2020-08-23 03,8508.888,21.5,1.3,94,0,0,0,0
1,2020-08-23 04,8505.648,21.6,1.6,95,0,0,0,0
1,2020-08-23 05,8483.616,21.6,2.1,96,0,0,0,0
1,2020-08-23 06,8460.288,21.5,1.9,96,0,0,0,0
1,2020-08-23 07,8479.728,21.8,0.4,95,0,0.1,0,0
1,2020-08-23 08,8476.488,22.6,1.6,94,0,0.2,0,0
1,2020-08-23 09,8538.696,23.7,2,90,0,0.2,0,0
1,2020-08-23 10,8532.864,24.7,0.9,84,0,0.2,0,0
1,2020-08-23 11,8563.968,26.2,2.5,76,0,0.6,0,0
1,2020-08-23 12,8576.28,27.8,2.7,71,0,0.7,0,0
1,2020-08-23 13,8563.968,27.9,2.7,68,0,0.7,0,0
1,2020-08-23 14,8582.76,28.4,2.3,64,0,0.3,0,0
1,2020-08-23 15,8571.096,29.5,2.9,62,0,0.5,0,0
1,2020-08-23 16,8581.464,29.9,3.1,62,0,0.7,0,0
1,2020-08-23 17,8590.536,29.7,3.1,60,0,0.9,0,0
1,2020-08-23 18,8563.968,28.7,2.8,61,0,1,0,0
1,2020-08-23 19,8574.336,27.2,2.4,65,0,0.7,0,0
1,2020-08-23 20,8608.68,26.1,1.8,69,0,0,0,0
1,2020-08-23 21,8595.072,25.4,1.8,73,0,0,0,0
1,2020-08-23 22,8583.408,25.1,1.3,77,0,0,0,0
1,2020-08-23 23,8566.56,24.6,0.5,78,0,0,0,0
1,2020-08-24 00,8580.816,24.3,0.2,80,0,0,0,0
1,2020-08-24 01,8524.44,24.1,0.6,83,0,0,0,0
1,2020-08-24 02,8525.088,24,1.4,83,0,0,0,0
1,2020-08-24 03,8522.496,24,1.2,83,0,0,0,0
1,2020-08-24 04,8514.72,23.9,1.6,84,0,0,0,0
1,2020-08-24 05,8494.632,23.8,1.5,85,0,0,0,0
1,2020-08-24 06,8492.04,23.8,1.9,86,0,0,0,0
1,2020-08-24 07,8523.792,23.7,2,86,0,0.1,0,0
1,2020-08-24 08,8554.248,25.1,2.5,80,0,1,0,0
1,2020-08-24 09,8624.88,26.9,1.8,75,0,1,0,0
1,2020-08-24 10,8670.24,28.6,1.9,71,0,1,0,0
1,2020-08-24 11,8714.952,29.7,2.3,65,0,1,0,0
1,2020-08-24 12,8717.544,30.3,3.4,62,0,0.5,0,0
1,2020-08-24 13,8727.912,30.7,3,60,0,0.5,0,0
1,2020-08-24 14,8782.344,31.5,3.3,60,0,0.7,0,0
1,2020-08-24 15,8782.344,31.4,3.8,60,0,0.6,0,0
1,2020-08-24 16,8775.216,31.4,3.9,57,0,1,0,0
1,2020-08-24 17,8762.256,30.5,3.5,58,0,0.6,0,0
1,2020-08-24 18,8747.352,30.2,3.3,62,0,0.6,0,0
1,2020-08-24 19,8714.952,29.4,3.4,66,0,0.2,0,0
1,2020-08-24 20,8740.224,28.7,1.9,69,0,0,0,0
1,2020-08-24 21,8730.504,28.3,1.1,71,0,0,0,0
1,2020-08-24 22,8725.968,28.3,2.4,72,0,0,0,0
1,2020-08-24 23,8705.232,28.1,2.3,73,0,0,0,0
